Player Name,Session Date,Drill Name,Session Time(mins),Total Distance,Metres Per Minute,Distance Zone 1,Distance Zone 2,Distance Zone 3,Distance Zone 4,Distance Zone 5,Distance Zone 6,HSR per min,Average Speed,Maximum Speed,Number of Sprints,Number of Accelerations,Accelerations Zone 1,Accelerations Zone 2,Accelerations Zone 3,Accelerations Zone 4,Accelerations Zone 5,Accelerations Zone 6,Number of Decelerations,Decelerations Zone 1,Decelerations Zone 2,Decelerations Zone 3,Decelerations Zone 4,Decelerations Zone 5,Decelerations Zone 6,HML Distance,HML Distance Per Minute,Average Step Impact Left (g),Average Step Impact Right (g),Step Balance,HML Efforts,Explosive Distance
Tariq,01/09/2022,SSG 5v5,22.3,1281,57.44,586,484,150,60,1,0,0.02,0.96,5.55,0,20,48,65,31,11,8,1,12,62,60,34,11,1,0,161,7.23,315,1,0.76,27,161
Faisal,01/09/2022,SSG 5v5,22.3,1213,54.41,549,433,155,69,7,0,0.34,0.91,6.1,1,6,53,57,33,6,0,0,9,45,69,24,8,0,1,154,6.93,423,0,0.71,21,147
Rami,01/09/2022,SSG 5v5,22.3,1140,51.12,519,419,126,74,2,0,0.08,0.85,5.77,0,27,55,59,25,23,3,1,25,46,61,33,13,8,4,178,7.98,257,2,0.85,21,176
Zayd,01/09/2022,SSG 5v5,22.3,1463,65.63,536,545,236,111,31,4,1.56,1.09,7.56,3,18,40,79,36,15,3,0,28,55,74,23,19,8,1,264,11.82,697,2,1.14,36,229
Adel,01/09/2022,Crossing & Finishing,29.45,1227,41.66,596,366,147,103,15,0,0.5,0.69,6.48,2,16,51,56,20,13,2,1,15,74,63,13,11,3,1,177,6.02,441,3,0.76,22,163
Adel,01/09/2022,SSG 5v5,22.3,1376,61.7,590,401,173,164,47,1,2.19,1.03,7.25,5,18,69,49,31,10,6,2,20,61,60,21,11,5,4,261,11.7,494,5,1.03,32,212
Bassel,01/09/2022,SSG 5v5,22.3,1130,50.68,448,437,135,95,15,0,0.66,0.84,6.62,3,27,45,53,40,17,9,1,11,57,67,42,7,2,2,193,8.66,440,1,0.86,25,178
Samir,01/09/2022,Crossing & Finishing,29.45,1395,47.36,666,461,152,104,11,0,0.39,0.79,6.04,1,14,54,52,28,11,3,0,6,70,56,22,6,0,0,173,5.88,231,1,0.74,22,162
Samir,01/09/2022,SSG 5v5,22.3,1471,65.98,512,488,285,166,20,0,0.88,1.1,6.35,2,27,37,57,40,18,8,1,21,32,70,27,14,7,0,310,13.89,341,4,1.34,42,290
Hassan,01/09/2022,Crossing & Finishing,29.45,2014,68.38,637,809,443,123,1,0,0.04,1.14,5.64,0,14,49,54,37,10,4,0,8,75,53,25,8,0,0,135,4.6,645,0,0.66,17,134
Hassan,01/09/2022,SSG 5v5,22.3,1226,54.97,518,495,129,81,3,0,0.13,0.92,5.84,1,26,51,67,35,21,5,0,24,46,65,30,15,7,2,190,8.51,437,3,0.9,21,187
Imran,01/09/2022,SSG 5v5,22.3,1398,62.71,610,388,196,155,50,0,2.24,1.05,6.98,7,36,51,40,28,26,8,2,17,49,59,29,12,2,3,286,12.85,355,3,1.2,35,236
Ayman,01/09/2022,Crossing & Finishing,29.45,1445,49.07,523,458,297,154,12,0,0.42,0.82,6.12,2,17,65,45,38,14,3,0,22,74,66,16,16,6,0,225,7.65,656,2,0.95,33,213
Ayman,01/09/2022,SSG 5v5,22.3,1363,61.11,518,530,194,109,12,0,0.52,1.02,6.1,1,26,57,63,43,16,9,1,26,63,70,43,17,7,2,227,10.17,492,2,1.04,32,215
Fadi,01/09/2022,Crossing & Finishing,29.45,1165,39.55,447,435,149,108,26,0,0.87,0.66,6.84,5,25,41,36,14,19,4,2,12,55,54,13,6,2,4,182,6.19,195,2,0.75,24,157
Ibrahim,01/09/2022,SSG 5v5,22.3,1139,51.09,516,409,136,74,5,0,0.21,0.85,6.04,1,11,51,53,38,10,1,0,19,48,65,24,15,4,0,163,7.33,333,0,0.76,21,159
Salem,01/09/2022,Crossing & Finishing,29.45,2052,69.66,577,680,561,231,3,0,0.1,1.16,5.7,0,14,39,67,38,9,5,0,6,57,68,23,5,1,0,182,6.17,768,0,0.86,26,179
Salem,01/09/2022,SSG 5v5,22.3,1256,56.34,463,511,194,78,10,0,0.45,0.94,6.79,1,19,34,59,35,12,7,0,16,38,64,24,9,6,1,216,9.71,312,1,1,27,206
Youssef,04/09/2022,SSG 5v5,14.9,967,64.92,349,364,149,91,14,0,0.97,1.08,6.24,2,11,45,46,17,8,3,0,12,34,55,19,10,2,0,154,10.31,270,0,0.66,17,139
Tariq,04/09/2022,SSG 5v5,14.9,1038,69.64,323,409,165,98,43,0,2.92,1.16,6.8,4,13,29,34,24,10,3,0,13,25,39,19,6,4,3,208,13.93,320,2,0.84,26,164
Faisal,04/09/2022,Possession Drill,34.42,1684,48.93,717,561,215,179,13,0,0.38,0.82,5.99,2,9,75,66,19,8,1,0,12,59,62,17,10,2,0,220,6.39,731,0,0.88,26,207
Faisal,04/09/2022,SSG 5v5,14.9,1226,82.25,392,491,205,128,9,0,0.62,1.37,5.98,1,7,33,53,23,3,4,0,7,36,51,22,5,1,1,178,11.93,717,1,0.76,20,168
Nabil,04/09/2022,Possession Drill,34.42,1351,39.25,882,333,103,33,0,0,0,0.65,5.15,0,13,89,60,23,12,1,0,9,71,63,18,5,2,2,89,2.57,361,0,0.44,15,89
Nabil,04/09/2022,SSG 5v5,14.9,1206,80.97,362,364,259,189,32,0,2.14,1.35,6.39,6,24,40,39,22,18,4,2,21,41,53,19,17,4,0,253,16.98,370,3,1.05,36,221
Bassel,04/09/2022,SSG 5v5,14.9,1059,71.08,277,401,223,148,9,0,0.62,1.18,6.18,1,25,27,41,31,17,8,0,21,26,46,30,14,6,1,232,15.59,442,2,1.02,32,223
Jamal,04/09/2022,SSG 5v5,14.9,984,66.05,420,314,102,82,46,21,4.47,1.1,8.77,3,11,36,32,14,9,2,0,10,47,31,18,4,4,2,168,11.28,236,1,0.61,17,101
Hassan,04/09/2022,Possession Drill,34.42,1358,39.45,609,453,204,79,12,1,0.38,0.66,7.07,1,16,54,41,43,14,2,0,18,46,58,21,13,4,1,195,5.66,446,0,0.88,28,182
Hassan,04/09/2022,SSG 5v5,14.9,930,62.4,327,350,166,72,15,0,1.02,1.04,6.39,2,19,26,42,26,13,5,1,11,28,53,26,7,2,2,168,11.25,352,1,0.75,20,152
Sami,04/09/2022,Possession Drill,34.42,1301,37.81,635,433,153,67,13,0,0.39,0.63,6.14,2,5,76,47,26,1,4,0,10,64,54,14,6,3,1,130,3.78,495,1,0.57,15,117
Sami,04/09/2022,SSG 5v5,14.9,1123,75.36,295,453,212,142,21,0,1.41,1.26,6.41,4,12,40,41,21,10,2,0,15,30,51,18,11,4,0,216,14.52,585,0,0.89,23,195
Imran,04/09/2022,SSG 5v5,14.9,994,66.72,352,291,146,142,60,2,4.14,1.11,7.2,5,21,49,28,23,14,7,0,19,34,40,18,14,2,3,230,15.43,236,3,0.89,26,168
Ibrahim,04/09/2022,SSG 5v5,14.9,1197,80.35,378,492,197,123,8,0,0.54,1.34,6.12,1,22,40,53,36,15,7,0,16,33,62,35,11,2,3,225,15.11,511,1,1,35,217
Salem,04/09/2022,Possession Drill,34.42,1358,39.45,613,484,201,58,2,0,0.05,0.66,5.76,0,8,54,66,37,7,1,0,5,43,77,20,4,1,0,171,4.98,326,0,0.82,24,170
Youssef,07/09/2022,Passing Drill,15.31,1185,77.38,380,370,200,154,63,16,5.19,1.29,8.26,5,15,61,43,28,9,6,0,27,58,33,23,14,8,5,287,18.73,422,5,1.14,31,207
Youssef,07/09/2022,SSG 9v9,11.97,976,81.49,369,447,108,51,0,0,0,1.36,5.47,0,7,43,46,13,6,1,0,6,37,46,14,5,1,0,95,7.9,426,0,0.43,14,95
Youssef,07/09/2022,Warm Up,15.56,807,51.91,273,277,77,115,64,1,4.24,0.87,7.05,6,10,38,20,8,8,2,0,7,36,31,8,5,0,2,158,10.19,398,3,0.56,17,93
Omar,07/09/2022,Passing Drill,15.31,1106,72.23,382,394,175,125,30,0,1.98,1.2,6.24,3,9,58,47,34,7,2,0,27,56,29,21,16,8,3,206,13.48,219,1,0.83,27,176
Omar,07/09/2022,SSG 9v9,11.97,1034,86.39,341,449,179,54,12,0,0.97,1.44,6.73,1,2,30,48,16,2,0,0,5,43,44,14,4,1,0,115,9.62,272,0,0.51,17,104
Omar,07/09/2022,Warm Up,15.56,854,54.92,299,285,107,112,51,0,3.27,0.92,6.91,5,7,39,36,12,3,4,0,9,36,44,10,3,2,4,163,10.48,299,3,0.58,16,112
Khalid,07/09/2022,Passing Drill,15.31,1178,76.94,325,288,201,273,90,1,5.91,1.28,7.09,7,15,31,31,25,12,3,0,14,42,38,22,13,1,0,347,22.65,556,1,1.3,37,256
Khalid,07/09/2022,SSG 9v9,11.97,1182,98.7,398,357,185,190,51,1,4.33,1.64,7.07,5,15,27,31,19,12,3,0,14,22,37,19,8,4,2,270,22.55,452,5,1.03,32,218
Tariq,07/09/2022,Passing Drill,15.31,1196,78.14,277,396,199,196,109,20,8.41,1.3,7.94,8,15,40,32,17,14,1,0,7,40,28,18,5,2,0,300,19.58,613,1,1.06,32,171
Tariq,07/09/2022,SSG 9v9,11.97,1292,107.94,320,464,261,199,44,4,4,1.8,7.28,4,6,31,41,21,3,3,0,10,22,40,23,7,3,0,256,21.39,571,0,1,31,208
Tariq,07/09/2022,Warm Up,15.56,795,51.14,246,285,142,91,26,6,2.02,0.85,7.36,3,6,18,16,5,3,3,0,6,20,16,6,3,1,2,118,7.6,375,3,0.43,12,87
Faisal,07/09/2022,Passing Drill,15.31,977,63.82,403,208,149,152,66,0,4.3,1.06,6.65,7,3,15,26,13,3,0,0,2,21,25,10,2,0,0,206,13.46,301,0,0.76,22,140
Faisal,07/09/2022,SSG 9v9,11.97,1094,91.4,343,499,200,53,0,0,0,1.52,5.33,0,1,37,37,18,1,0,0,1,23,41,18,1,0,0,104,8.71,561,0,0.48,15,104
Faisal,07/09/2022,Warm Up,15.56,682,43.83,256,255,66,70,35,0,2.23,0.73,6.9,4,3,12,14,3,1,2,0,5,17,16,4,3,1,1,107,6.87,288,1,0.38,11,72
Nabil,07/09/2022,Passing Drill,15.31,1020,66.6,418,319,138,127,18,0,1.2,1.11,6.54,2,17,27,38,25,10,7,0,24,33,34,12,14,6,4,188,12.31,227,1,0.78,28,170
Nabil,07/09/2022,SSG 9v9,11.97,1086,90.67,374,439,197,64,9,2,0.97,1.51,7.74,1,8,27,42,18,6,2,0,4,23,40,23,0,3,1,131,10.97,373,1,0.58,23,120
Adel,07/09/2022,Passing Drill,15.31,1196,78.15,407,371,144,211,63,0,4.1,1.3,6.73,7,13,36,23,17,10,3,0,17,33,34,10,6,7,4,271,17.71,535,4,1.03,28,208
Bassel,07/09/2022,SSG 9v9,11.97,1230,102.7,371,404,196,185,72,2,6.23,1.71,7.53,9,23,32,25,15,16,7,0,7,31,41,25,6,1,0,258,21.52,416,4,0.98,27,183
Bassel,07/09/2022,Warm Up,15.56,742,47.69,254,297,91,64,32,4,2.28,0.79,7.66,3,15,31,28,4,7,7,1,9,19,31,8,3,3,3,123,7.88,327,3,0.47,16,87
Jamal,07/09/2022,SSG 9v9,11.97,1224,102.27,296,494,275,136,24,0,2.02,1.7,6.41,2,13,28,36,13,9,4,0,14,21,42,12,8,4,2,207,17.26,326,1,0.86,35,183
Jamal,07/09/2022,Warm Up,15.56,754,48.49,347,242,59,75,32,0,2.03,0.81,6.46,4,10,32,17,5,5,5,0,6,34,25,9,3,2,1,116,7.47,236,3,0.44,17,85
Hassan,07/09/2022,Passing Drill,15.31,1058,69.11,319,255,166,170,146,2,9.66,1.15,7.13,12,23,18,22,18,18,5,0,16,25,25,14,11,3,2,327,21.38,332,4,1.18,33,180
Hassan,07/09/2022,SSG 9v9,11.97,1096,91.55,377,383,202,115,19,0,1.58,1.53,6.19,2,15,33,44,16,11,4,0,12,31,37,26,9,1,2,179,14.93,338,1,0.76,28,160
Hassan,07/09/2022,Warm Up,15.56,750,48.25,295,197,86,98,74,0,4.76,0.8,6.96,7,11,32,24,9,2,7,2,15,27,24,6,11,1,3,162,10.41,245,5,0.57,16,88
Sami,07/09/2022,Passing Drill,15.31,993,64.86,421,310,110,87,64,0,4.2,1.08,6.86,5,5,40,22,19,3,1,1,6,32,26,17,5,1,0,169,11.02,312,0,0.63,20,104
Sami,07/09/2022,SSG 9v9,11.97,1288,107.57,271,573,281,136,28,0,2.3,1.79,6.79,2,12,25,42,19,7,5,0,13,22,39,23,10,2,1,205,17.16,525,0,0.84,29,178
Sami,07/09/2022,Warm Up,15.56,751,48.28,288,253,88,86,37,0,2.35,0.8,6.8,5,9,23,16,5,5,4,0,5,29,27,9,4,1,0,117,7.52,275,3,0.42,13,80
Imran,07/09/2022,Passing Drill,15.31,1146,74.85,492,363,132,104,52,4,3.61,1.25,7.35,5,16,40,27,20,12,3,1,10,39,42,16,6,3,1,182,11.91,338,2,0.7,19,127
Imran,07/09/2022,SSG 9v9,11.97,1075,89.81,421,327,152,93,72,10,6.85,1.5,7.7,6,8,28,22,12,4,3,1,6,29,21,10,3,3,0,182,15.21,308,2,0.66,17,100
Imran,07/09/2022,Warm Up,15.56,681,43.76,293,182,78,80,47,0,3.05,0.73,6.71,5,11,37,21,9,6,3,2,6,29,32,7,4,2,0,133,8.57,184,3,0.5,13,86
Majid,07/09/2022,SSG 9v9,11.97,1246,104.06,325,431,220,206,63,0,5.29,1.73,6.85,7,18,27,29,23,16,2,0,17,27,25,21,14,3,0,281,23.49,602,1,1.06,31,218
Majid,07/09/2022,Warm Up,15.56,702,45.11,252,199,85,103,59,3,3.97,0.75,7.19,6,12,28,32,10,9,3,0,12,35,35,6,8,2,2,164,10.53,482,3,0.58,16,102
Ibrahim,07/09/2022,Passing Drill,15.31,1129,73.73,508,299,118,147,57,0,3.71,1.23,6.83,5,11,42,30,30,8,3,0,23,37,33,13,10,8,5,239,15.59,254,3,0.91,28,182
Ibrahim,07/09/2022,SSG 9v9,11.97,1230,102.73,339,421,247,157,60,5,5.47,1.71,7.41,6,11,31,39,25,9,2,0,8,27,40,27,5,1,2,248,20.68,486,2,0.97,32,182
Ibrahim,07/09/2022,Warm Up,15.56,767,49.33,305,227,72,106,52,6,3.7,0.82,7.73,6,13,32,24,11,10,3,0,12,37,27,6,2,5,5,164,10.57,536,3,0.59,17,107
Youssef,09/09/2022,Shooting Drill,16.53,1163,70.35,353,557,179,68,5,0,0.31,1.17,6.03,0,8,43,56,15,6,2,0,11,30,51,16,7,3,1,135,8.15,457,2,0.6,19,130
Youssef,09/09/2022,SSG 9v9,21.09,1843,87.41,622,858,211,125,24,4,1.33,1.46,7.35,2,13,55,83,22,9,3,1,14,57,66,28,4,6,4,191,9.06,589,4,0.8,25,163
Youssef,09/09/2022,Warm Up,13.79,1042,75.53,324,380,129,159,49,0,3.58,1.26,6.58,4,10,55,57,13,7,2,1,7,52,64,14,4,3,0,189,13.72,444,4,0.73,19,140
Omar,09/09/2022,Shooting Drill,16.53,1137,68.79,363,502,140,87,39,7,2.73,1.15,7.5,4,7,40,51,22,6,1,0,14,48,46,13,7,5,2,157,9.51,388,1,0.62,15,112
Omar,09/09/2022,SSG 9v9,21.09,1772,84.01,655,791,254,66,6,0,0.28,1.4,6.26,1,8,67,86,36,7,1,0,25,52,85,22,18,7,0,170,8.04,514,0,0.8,22,164
Omar,09/09/2022,Warm Up,13.79,987,71.58,273,417,107,134,54,3,4.14,1.19,7.22,6,14,50,44,10,7,6,1,6,35,75,7,2,2,2,170,12.33,476,3,0.64,19,113
Khalid,09/09/2022,Shooting Drill,16.53,1353,81.9,393,502,273,159,26,0,1.58,1.36,6.54,3,10,42,44,25,8,2,0,17,25,56,23,16,1,0,242,14.66,580,1,1.01,34,216
Khalid,09/09/2022,SSG 9v9,21.09,1992,94.48,692,624,348,233,95,0,4.49,1.57,6.67,13,20,52,53,36,18,2,0,21,44,72,27,13,6,2,390,18.49,760,4,1.53,46,295
Tariq,09/09/2022,Shooting Drill,16.53,1372,83,411,483,297,143,36,1,2.25,1.38,7.07,3,7,31,43,16,6,1,0,6,37,40,15,6,0,0,193,11.7,490,0,0.78,25,156
Tariq,09/09/2022,SSG 9v9,21.09,2150,101.94,640,740,446,263,55,6,2.87,1.7,7.41,5,14,47,68,27,11,3,0,14,39,69,26,11,3,0,344,16.31,784,0,1.35,42,283
Tariq,09/09/2022,Warm Up,13.79,1012,73.36,331,362,127,109,73,9,5.97,1.22,7.65,5,12,46,39,11,8,4,0,6,45,43,10,3,2,1,170,12.31,368,2,0.6,17,87
Faisal,09/09/2022,Rondo,17.32,805,46.47,370,153,122,48,96,16,6.47,0.77,7.42,2,6,38,43,17,6,0,0,6,46,29,23,4,2,0,199,11.49,266,0,0.73,21,87
Faisal,09/09/2022,Shooting Drill,16.53,1261,76.28,363,590,269,38,1,0,0.07,1.27,5.72,0,4,42,48,15,3,0,1,4,41,44,14,2,2,0,93,5.65,788,0,0.44,14,92
Faisal,09/09/2022,Warm Up,13.79,933,67.67,281,397,121,61,72,1,5.32,1.13,7.07,5,7,36,38,8,6,1,0,4,45,38,5,3,1,0,142,10.28,601,0,0.5,15,68
Nabil,09/09/2022,Rondo,17.32,817,47.17,396,156,80,74,95,16,6.42,0.79,7.6,2,15,45,31,11,6,7,2,15,39,28,10,3,7,5,195,11.26,195,4,0.72,19,84
Nabil,09/09/2022,Shooting Drill,16.53,1242,75.14,424,449,188,142,38,0,2.32,1.25,6.96,4,16,28,41,18,9,7,0,12,40,40,18,4,4,4,207,12.53,388,2,0.82,25,169
Nabil,09/09/2022,SSG 9v9,21.09,1939,91.95,600,864,350,124,1,0,0.03,1.53,5.71,0,17,52,69,26,13,4,0,12,56,76,26,8,4,0,211,10.01,569,1,0.96,28,211
Adel,09/09/2022,Warm Up,13.79,781,56.61,168,202,180,150,74,6,5.81,0.94,7.29,6,13,27,23,8,10,3,0,12,29,22,7,7,2,3,203,14.71,394,4,0.73,21,123
Bassel,09/09/2022,Shooting Drill,16.53,1082,65.44,371,375,185,122,28,1,1.72,1.09,7.04,3,16,47,36,24,11,4,1,8,30,51,24,4,2,2,192,11.63,274,3,0.79,23,164
Bassel,09/09/2022,SSG 9v9,21.09,1672,79.28,650,613,235,140,33,1,1.61,1.32,7.38,4,30,54,64,29,19,9,2,19,45,83,24,12,6,1,267,12.68,440,2,1.14,37,233
Jamal,09/09/2022,Rondo,17.32,793,45.78,551,150,60,30,2,0,0.13,0.76,5.92,0,6,59,37,20,5,0,1,15,50,33,9,13,2,0,71,4.11,182,0,0.34,10,69
Jamal,09/09/2022,Warm Up,13.79,970,70.3,368,383,105,84,29,1,2.18,1.17,7.29,4,10,59,34,9,9,1,0,7,56,46,6,5,0,2,131,9.47,514,1,0.5,12,101
Hassan,09/09/2022,Shooting Drill,16.53,1428,86.38,374,466,217,240,124,6,7.87,1.44,7.29,11,21,37,34,17,18,3,0,19,27,33,17,12,5,2,369,22.34,566,4,1.33,40,239
Hassan,09/09/2022,SSG 9v9,21.09,1961,92.99,688,575,285,302,92,20,5.28,1.55,7.66,9,25,50,54,23,18,5,2,23,30,50,26,15,4,4,413,19.56,717,5,1.54,49,301
Sami,09/09/2022,Rondo,17.32,769,44.41,449,181,97,43,0,0,0,0.74,5.13,0,28,50,36,16,22,6,0,19,44,42,21,14,5,0,115,6.65,494,0,0.55,16,115
Sami,09/09/2022,Shooting Drill,16.53,1433,86.72,392,567,207,159,93,15,6.52,1.45,7.38,6,13,33,35,21,11,1,1,15,31,42,19,8,4,3,275,16.65,800,1,1,26,167
Sami,09/09/2022,Warm Up,13.79,950,68.86,345,352,101,106,45,0,3.24,1.15,6.79,4,11,40,46,9,7,3,1,9,42,43,8,8,1,0,157,11.36,654,1,0.6,20,112
Imran,09/09/2022,Rondo,17.32,869,50.17,466,174,67,55,72,35,6.21,0.84,7.88,3,16,57,33,17,13,3,0,15,54,33,17,11,3,1,181,10.45,228,1,0.66,15,73
Imran,09/09/2022,Shooting Drill,16.53,1143,69.15,494,291,164,144,49,1,3.03,1.15,7.05,6,11,32,30,15,10,1,0,10,28,32,13,8,1,1,180,10.88,212,1,0.69,19,130
Imran,09/09/2022,SSG 9v9,21.09,1742,82.62,862,388,207,223,43,19,2.94,1.38,7.89,4,18,51,26,16,14,3,1,10,39,45,18,7,2,1,269,12.75,341,0,1.02,33,207
Imran,09/09/2022,Warm Up,13.79,912,66.16,303,368,121,99,20,0,1.48,1.1,6.7,2,8,42,36,14,6,2,0,4,44,47,12,4,0,0,137,9.96,280,0,0.56,17,117
Majid,09/09/2022,Shooting Drill,16.53,1540,93.17,344,456,381,283,74,2,4.62,1.55,7.35,6,11,25,43,30,9,2,0,19,13,37,24,12,4,3,352,21.27,741,4,1.36,38,275
Majid,09/09/2022,Warm Up,13.79,1001,72.56,283,406,103,136,57,16,5.28,1.21,8.07,6,13,30,47,10,6,6,1,8,47,47,12,4,3,1,184,13.36,715,5,0.68,17,111
Ibrahim,09/09/2022,Shooting Drill,16.53,1381,83.57,354,373,236,308,94,16,6.64,1.39,7.82,10,26,48,29,24,19,5,2,22,45,43,22,9,8,5,383,23.2,705,5,1.41,38,274
Ibrahim,09/09/2022,Warm Up,13.79,939,68.07,273,328,174,79,68,16,6.1,1.13,7.9,6,13,47,31,13,10,3,0,6,31,45,11,3,2,1,169,12.23,632,2,0.62,16,84
Youssef,10/09/2022,Attack v Defence,16.03,1432,89.36,324,801,228,56,23,0,1.46,1.49,6.65,3,11,41,58,19,10,1,0,12,36,53,28,9,2,1,138,8.62,633,2,0.61,17,115
Omar,10/09/2022,Attack v Defence,16.03,1402,87.49,372,595,242,138,37,19,3.47,1.46,7.64,4,10,47,47,27,7,3,0,13,33,40,30,9,2,2,222,13.88,550,0,0.87,22,167
Khalid,10/09/2022,Attack v Defence,16.03,1450,90.5,449,474,285,199,43,0,2.68,1.51,6.71,5,17,39,31,21,14,3,0,20,23,46,18,16,3,1,293,18.3,637,2,1.16,35,250
Tariq,10/09/2022,Attack v Defence,16.03,1247,77.82,487,469,200,86,5,0,0.28,1.3,5.93,1,5,36,38,17,4,1,0,4,42,40,12,3,1,0,123,7.67,423,0,0.52,17,118
Faisal,10/09/2022,Attack v Defence,16.03,1441,89.88,369,644,261,141,26,0,1.62,1.5,6.32,2,4,43,53,21,3,1,0,8,24,51,21,6,0,2,199,12.44,672,0,0.82,24,173
Rami,10/09/2022,Attack v Defence,16.03,1394,86.98,377,648,246,81,42,0,2.63,1.45,6.55,6,13,34,46,40,10,2,1,14,41,70,16,10,3,1,198,12.36,510,2,0.85,21,156
Jamal,10/09/2022,Attack v Defence,16.03,1470,91.74,455,519,239,180,66,11,4.82,1.53,7.84,7,17,34,46,26,14,3,0,16,37,45,27,7,7,2,291,18.16,526,4,1.11,29,214
Rashid,10/09/2022,Attack v Defence,16.03,1620,101.09,353,656,326,226,57,2,3.67,1.68,7.11,6,10,49,66,25,6,3,1,13,39,60,31,9,3,1,296,18.45,452,2,1.18,35,237
Imran,10/09/2022,Attack v Defence,16.03,1158,72.23,526,335,158,119,20,0,1.22,1.2,6.46,4,10,30,35,26,8,2,0,12,33,37,17,9,2,1,161,10.03,321,0,0.66,21,141
Fadi,10/09/2022,SSG 9v9,34.36,2409,70.09,1098,600,303,261,127,20,4.28,1.17,7.4,11,21,72,74,29,15,6,0,21,59,55,34,13,3,5,418,12.15,525,3,1.53,44,271
Ibrahim,10/09/2022,Attack v Defence,16.03,1406,87.75,390,504,254,155,75,29,6.46,1.46,8.21,8,18,44,62,18,13,5,0,23,38,63,17,12,7,4,311,19.38,319,4,1.2,36,207
Salem,10/09/2022,Attack v Defence,16.03,1394,86.97,383,666,278,66,1,0,0.07,1.45,5.59,0,9,24,63,30,9,0,0,6,35,62,14,6,0,0,140,8.74,344,0,0.67,18,139
Salem,10/09/2022,SSG 9v9,34.36,2404,69.96,920,813,436,224,8,3,0.33,1.17,7.51,1,12,58,87,32,12,0,0,14,60,79,22,9,3,2,273,7.94,516,1,1.2,37,262
Youssef,11/09/2022,Possession Drill,17.32,1331,76.82,578,488,118,79,68,1,3.99,1.28,7.07,3,10,61,57,20,7,2,1,10,44,67,24,9,1,0,164,9.45,490,1,0.65,14,95
Youssef,11/09/2022,SSG 5v5,23.26,1336,57.44,578,483,189,84,2,0,0.1,0.96,5.69,0,20,56,74,32,13,7,0,22,58,68,38,18,3,1,200,8.6,490,0,0.93,32,198
Omar,11/09/2022,Crossing & Finishing,29.46,1038,35.22,531,284,134,88,1,0,0.02,0.59,5.51,0,15,86,48,27,14,1,0,20,77,60,19,15,4,1,139,4.72,278,1,0.67,20,138
Omar,11/09/2022,Set Pieces,23.8,355,14.91,239,84,25,6,0,0,0,0.25,4.81,0,5,44,23,9,5,0,0,3,51,30,6,2,1,0,26,1.08,50,0,0.13,3,26
Khalid,11/09/2022,Set Pieces,23.8,715,30.02,347,202,97,65,4,0,0.17,0.5,5.97,1,9,38,47,25,9,0,0,7,53,69,15,6,1,0,107,4.5,210,0,0.48,11,103
Tariq,11/09/2022,Possession Drill,17.32,1407,81.25,569,436,190,141,62,9,4.1,1.35,7.46,3,18,33,45,31,13,4,1,18,37,53,22,17,0,1,278,16.07,416,1,1.11,31,207
Tariq,11/09/2022,Set Pieces,23.8,325,13.67,269,44,11,2,0,0,0,0.23,4.46,0,2,48,19,5,2,0,0,0,58,10,4,0,0,0,11,0.46,27,0,0.05,2,11
Tariq,11/09/2022,SSG 5v5,23.26,1506,64.75,696,509,177,119,4,0,0.19,1.08,5.79,0,26,62,57,34,18,6,2,23,49,60,36,14,7,2,237,10.2,391,1,1.05,35,233
Faisal,11/09/2022,Possession Drill,17.32,1227,70.84,465,461,184,57,59,0,3.43,1.18,6.74,3,10,45,54,20,7,2,1,4,45,56,24,3,1,0,179,10.33,392,1,0.76,25,120
Faisal,11/09/2022,Set Pieces,23.8,376,15.81,222,66,48,40,0,0,0,0.26,5.27,0,5,29,15,4,4,1,0,3,25,19,1,3,0,0,45,1.89,79,0,0.19,6,45
Faisal,11/09/2022,SSG 5v5,23.26,1463,62.92,643,548,202,67,3,0,0.12,1.05,5.99,0,18,56,71,30,14,4,0,5,46,83,33,3,2,0,185,7.95,489,0,0.87,25,182
Nabil,11/09/2022,Set Pieces,23.8,364,15.28,312,39,10,3,0,0,0,0.25,4.49,0,4,60,28,4,2,2,0,3,64,33,1,3,0,0,15,0.62,35,0,0.08,2,15
Bassel,11/09/2022,Set Pieces,23.8,712,29.89,399,204,63,32,13,0,0.56,0.5,6.54,1,10,48,32,18,8,1,1,3,45,39,13,1,1,1,77,3.23,151,0,0.35,11,63
Jamal,11/09/2022,Possession Drill,17.32,1359,78.45,592,418,172,99,77,1,4.53,1.31,7.06,6,25,56,39,31,18,5,2,18,49,65,24,10,4,4,254,14.66,533,3,1.04,29,175
Hassan,11/09/2022,Crossing & Finishing,28.6,1008,35.27,504,352,96,57,0,0,0,0.59,5.34,0,12,50,51,40,7,5,0,16,44,51,33,12,4,0,117,4.09,387,1,0.58,10,117
Hassan,11/09/2022,Set Pieces,23.8,451,18.96,265,139,25,16,7,0,0.28,0.32,6.55,1,5,34,28,10,3,1,1,3,39,24,6,2,0,1,39,1.65,113,1,0.18,5,33
Sami,11/09/2022,Set Pieces,23.8,491,20.64,361,71,27,31,2,0,0.07,0.34,5.79,1,4,39,12,5,3,1,0,2,51,20,5,2,0,0,43,1.83,142,0,0.18,6,42
Imran,11/09/2022,Possession Drill,17.32,1366,78.86,569,411,209,127,51,0,2.95,1.31,6.73,2,29,50,42,28,21,6,2,14,47,55,34,11,2,1,242,13.94,344,3,1.05,32,190
Imran,11/09/2022,Set Pieces,23.8,659,27.68,407,152,45,41,12,1,0.55,0.46,7.38,1,8,53,28,8,4,2,2,4,51,38,4,3,1,0,61,2.57,137,1,0.25,8,48
Majid,11/09/2022,Possession Drill,17.32,1451,83.74,451,447,296,166,66,25,5.26,1.4,7.84,6,34,40,40,34,23,9,2,27,32,45,37,15,8,4,366,21.15,760,4,1.48,39,275
Majid,11/09/2022,Set Pieces,23.8,492,20.67,268,122,47,36,18,1,0.82,0.34,7.41,2,8,34,22,7,2,4,2,8,30,24,4,5,2,1,74,3.1,199,2,0.29,9,54
Ibrahim,11/09/2022,Possession Drill,17.32,1323,76.39,416,434,237,165,53,18,4.12,1.27,7.99,2,34,39,51,35,24,8,2,30,41,65,23,22,5,3,330,19.04,454,4,1.38,38,258
Ibrahim,11/09/2022,Set Pieces,23.8,479,20.11,320,110,37,13,0,0,0,0.34,4.74,0,9,57,39,6,6,3,0,5,60,49,3,5,0,0,31,1.29,86,0,0.16,6,31
Youssef,14/09/2022,Pass Move Score,5.96,559,93.71,187,241,64,55,11,0,1.86,1.56,6.22,1,5,19,14,7,4,1,0,7,12,21,5,4,1,2,76,12.7,214,1,0.29,9,65
Youssef,14/09/2022,Possession 8v8,12.32,868,70.43,437,349,56,22,3,0,0.28,1.17,6.03,1,6,46,60,18,4,1,1,12,50,53,17,9,2,1,64,5.21,401,1,0.31,7,61
Youssef,14/09/2022,SSG 8v8,18.34,1680,91.59,645,633,185,129,69,19,4.8,1.53,8.09,5,11,57,61,20,8,3,0,12,38,60,26,6,4,2,222,12.1,536,5,0.83,24,134
Youssef,14/09/2022,Warm Up,10.4,935,89.86,228,530,92,51,34,0,3.28,1.5,6.68,4,4,52,29,4,2,2,0,3,29,48,5,2,1,0,81,7.75,691,1,0.29,8,47
Omar,14/09/2022,Pass Move Score,5.96,421,70.57,222,115,33,41,9,0,1.47,1.18,6.31,1,4,22,11,5,4,0,0,4,14,15,5,1,2,1,59,9.82,75,1,0.23,8,50
Omar,14/09/2022,Possession 8v8,12.32,714,57.97,402,230,55,27,0,0,0,0.97,5.33,0,13,47,55,10,11,2,0,11,40,47,20,7,3,1,70,5.68,170,0,0.33,11,70
Omar,14/09/2022,SSG 8v8,18.34,1496,81.56,685,461,174,133,38,5,2.33,1.36,7.41,3,16,51,41,27,10,5,1,13,52,54,27,7,5,1,217,11.84,304,1,0.88,29,174
Omar,14/09/2022,Warm Up,10.4,970,93.18,246,516,129,39,39,0,3.77,1.55,6.78,5,3,36,28,6,1,2,0,4,37,40,2,3,1,0,84,8.08,407,1,0.3,8,45
Khalid,14/09/2022,Possession 8v8,12.32,1061,86.13,441,344,162,98,17,0,1.34,1.44,6.36,2,26,33,28,25,20,6,0,15,33,44,23,7,7,1,196,15.95,340,3,0.87,25,180
Khalid,14/09/2022,SSG 8v8,18.34,1878,102.41,660,542,293,245,111,27,7.53,1.71,8,9,17,41,43,20,14,2,1,18,22,41,25,9,6,3,379,20.68,614,5,1.38,38,241
Khalid,14/09/2022,Warm Up,10.4,985,94.67,209,514,135,59,66,1,6.52,1.58,7.09,6,5,31,36,11,3,2,0,6,23,53,8,1,3,2,129,12.39,467,1,0.45,13,61
Faisal,14/09/2022,Pass Move Score,5.96,556,93.22,199,140,71,92,53,0,8.9,1.55,6.95,4,5,14,13,6,5,0,0,3,7,13,9,2,1,0,121,20.23,149,0,0.43,12,68
Faisal,14/09/2022,Possession 8v8,12.32,818,66.39,390,284,69,72,3,0,0.23,1.11,5.76,0,11,28,39,12,8,2,1,0,27,39,21,0,0,0,97,7.84,217,0,0.42,13,94
Faisal,14/09/2022,SSG 8v8,18.34,1651,90.03,650,511,230,140,104,16,6.52,1.5,7.45,6,8,45,43,17,5,3,0,5,33,50,16,5,0,0,259,14.12,515,0,0.95,27,139
Faisal,14/09/2022,Warm Up,10.4,955,91.74,247,549,80,48,32,0,3.07,1.53,6.4,4,1,40,27,5,1,0,0,2,31,34,4,2,0,0,83,7.94,456,1,0.3,8,51
Rami,14/09/2022,Pass Move Score,5.96,493,82.62,194,176,68,43,12,0,2.08,1.38,6.5,2,8,11,14,13,6,1,1,9,12,23,3,6,1,2,89,14.91,137,0,0.38,9,77
Rami,14/09/2022,Warm Up,10.4,981,94.3,282,518,81,35,60,4,6.22,1.57,7.2,5,3,29,49,4,3,0,0,7,37,45,7,3,1,3,102,9.76,276,1,0.32,7,37
Nabil,14/09/2022,Pass Move Score,5.96,510,85.53,194,192,75,37,12,0,2.05,1.43,6.84,1,5,14,14,13,4,1,0,6,15,19,8,3,1,2,79,13.28,164,0,0.34,9,67
Nabil,14/09/2022,Possession 8v8,12.32,762,61.84,442,219,63,33,5,0,0.37,1.03,5.99,1,8,50,45,24,5,2,1,10,34,43,17,5,4,1,87,7.08,183,1,0.4,8,83
Nabil,14/09/2022,SSG 8v8,18.34,1582,86.26,692,443,172,154,87,34,6.59,1.44,8.72,7,17,55,44,15,11,6,0,17,31,40,24,8,4,5,284,15.5,366,3,1.02,31,163
Nabil,14/09/2022,Warm Up,10.4,1008,96.92,224,563,128,49,44,0,4.26,1.62,6.88,5,3,34,29,6,3,0,0,4,30,38,5,2,2,0,90,8.67,383,1,0.32,9,46
Adel,14/09/2022,Possession 8v8,12.32,1097,89.07,452,309,165,137,35,0,2.84,1.48,6.96,3,24,38,28,14,16,6,2,16,29,31,22,8,7,1,219,17.75,395,0,0.87,31,184
Adel,14/09/2022,Warm Up,10.4,995,95.6,221,520,133,59,60,0,5.76,1.59,6.99,6,8,42,24,4,4,4,0,3,38,35,5,2,1,0,101,9.73,507,1,0.34,8,41
Bassel,14/09/2022,Possession 8v8,12.32,993,80.63,345,387,157,87,17,0,1.37,1.34,6.62,2,23,31,40,47,15,6,2,23,26,56,30,15,6,2,194,15.74,470,5,0.88,19,177
Bassel,14/09/2022,Warm Up,10.4,958,92.08,266,493,82,43,64,11,7.17,1.53,7.51,6,8,30,41,4,5,3,0,3,23,40,12,2,1,0,100,9.58,674,4,0.31,8,25
Jamal,14/09/2022,Pass Move Score,5.96,404,67.71,225,122,38,18,0,0,0,1.13,4.96,0,0,17,17,4,0,0,0,4,17,15,3,4,0,0,32,5.42,45,0,0.15,5,32
Jamal,14/09/2022,Possession 8v8,12.32,676,54.89,511,122,33,10,0,0,0,0.91,5.11,0,10,51,27,8,9,1,0,3,35,46,9,2,1,0,45,3.61,69,0,0.23,5,45
Jamal,14/09/2022,SSG 8v8,18.34,1321,72.04,815,359,75,66,6,0,0.35,1.2,6.31,1,9,41,42,6,7,2,0,4,37,54,12,3,0,1,89,4.85,134,0,0.39,12,82
Jamal,14/09/2022,Warm Up,10.4,926,89.02,276,525,42,43,40,0,3.88,1.48,6.49,5,1,33,31,9,1,0,0,2,27,39,7,2,0,0,77,7.36,272,1,0.27,7,36
Hassan,14/09/2022,Pass Move Score,5.96,479,80.34,194,169,63,52,1,0,0.19,1.34,5.58,0,8,11,24,10,5,3,0,9,11,20,7,7,2,0,86,14.34,113,1,0.37,13,84
Hassan,14/09/2022,Possession 8v8,12.32,759,61.62,459,184,75,41,0,0,0,1.03,5.41,0,13,54,36,13,9,3,1,15,43,30,17,10,5,0,90,7.31,172,1,0.42,12,90
Hassan,14/09/2022,SSG 8v8,18.34,1516,82.64,648,477,223,152,15,0,0.81,1.38,6.13,2,20,47,41,28,17,3,0,17,43,43,22,11,5,1,224,12.23,352,1,0.96,29,209
Hassan,14/09/2022,Warm Up,10.4,936,89.94,190,545,108,37,55,1,5.36,1.5,7.06,5,6,29,31,6,3,2,1,4,15,45,4,3,1,0,94,9.08,382,1,0.33,10,39
Sami,14/09/2022,Pass Move Score,5.96,584,97.88,167,247,90,65,15,0,2.54,1.63,6.59,2,9,16,16,6,8,1,0,7,14,16,9,4,1,2,103,17.23,190,1,0.41,14,88
Sami,14/09/2022,Possession 8v8,12.32,984,79.91,418,347,112,79,21,7,2.32,1.33,7.56,2,20,45,57,14,15,4,1,21,44,48,13,13,7,1,156,12.7,401,2,0.68,19,128
Sami,14/09/2022,Warm Up,10.4,863,82.9,301,410,62,61,28,0,2.73,1.38,6.35,4,0,36,22,10,0,0,0,6,34,32,5,3,2,1,97,9.32,379,1,0.36,8,69
Imran,14/09/2022,Possession 8v8,12.32,965,78.31,410,287,140,103,24,0,1.95,1.31,6.09,2,24,35,35,16,15,9,0,20,23,38,20,11,5,4,207,16.83,210,3,0.87,26,183
Imran,14/09/2022,SSG 8v8,18.34,1504,82.01,683,403,198,130,80,11,4.94,1.37,8.39,9,15,38,33,21,9,6,0,9,37,48,26,7,0,2,243,13.26,284,2,0.9,26,152
Imran,14/09/2022,Warm Up,10.4,913,87.78,245,469,99,63,37,0,3.54,1.46,6.69,4,3,36,18,4,3,0,0,4,30,29,1,3,1,0,84,8.06,277,1,0.29,8,47
Majid,14/09/2022,Pass Move Score,5.96,601,100.81,160,192,121,70,38,20,9.76,1.68,8.1,4,5,14,13,13,2,3,0,9,6,15,7,7,2,0,130,21.73,361,1,0.47,13,71
Majid,14/09/2022,Warm Up,10.4,974,93.58,258,500,99,53,61,3,6.11,1.56,7.23,6,8,39,30,3,6,2,0,2,52,26,8,2,0,0,107,10.31,784,3,0.36,8,44
Fadi,14/09/2022,Pass Move Score,5.96,529,88.75,219,145,64,76,25,1,4.32,1.48,7.05,3,10,10,10,8,7,3,0,10,10,13,3,7,1,2,108,18.13,97,1,0.41,13,82
Fadi,14/09/2022,Possession 8v8,12.32,916,74.35,407,282,125,80,22,0,1.75,1.24,6.47,3,17,39,31,28,10,6,1,16,24,43,25,8,6,2,167,13.57,193,4,0.72,24,146
Fadi,14/09/2022,SSG 8v8,18.34,1645,89.7,631,418,250,198,123,24,8.04,1.49,7.83,12,23,37,40,21,14,7,2,20,41,37,25,13,4,3,362,19.71,384,3,1.3,38,214
Fadi,14/09/2022,Warm Up,10.4,918,88.21,279,448,111,29,42,9,4.88,1.47,7.49,4,4,48,33,2,3,1,0,6,40,37,4,2,2,2,77,7.37,357,1,0.25,6,26
Ibrahim,14/09/2022,Pass Move Score,5.96,447,74.98,180,158,62,38,10,0,1.63,1.25,5.95,2,6,14,17,12,3,3,0,3,15,15,12,2,0,1,74,12.47,127,1,0.32,10,65
Ibrahim,14/09/2022,Possession 8v8,12.32,722,58.64,448,205,46,22,1,0,0.05,0.98,5.88,0,7,43,48,17,4,3,0,11,41,41,15,5,5,1,70,5.72,131,1,0.34,8,70
Ibrahim,14/09/2022,SSG 8v8,18.34,1479,80.61,622,440,187,147,67,16,4.54,1.34,7.84,6,15,55,53,25,11,4,0,16,45,53,26,7,7,2,270,14.72,342,3,1.06,29,187
Ibrahim,14/09/2022,Warm Up,10.4,966,92.82,229,468,121,83,50,15,6.27,1.55,7.71,6,6,28,46,8,2,4,0,5,28,52,4,2,1,2,121,11.66,384,1,0.41,10,56
Youssef,15/09/2022,Warm Up,15.53,766,49.34,282,348,61,53,24,0,1.51,0.82,6.54,4,6,38,12,2,5,1,0,3,40,14,5,1,2,0,75,4.82,253,2,0.28,8,51
Omar,15/09/2022,Pressing Drill,12.97,1319,101.74,407,332,235,282,60,3,4.84,1.7,7.27,6,21,30,44,25,12,9,0,26,27,30,29,21,5,0,330,25.49,456,2,1.28,36,268
Omar,15/09/2022,Warm Up,15.53,838,53.94,297,385,49,59,47,0,3.05,0.9,6.99,6,6,31,25,1,6,0,0,6,45,19,0,0,3,3,95,6.14,329,1,0.33,8,48
Khalid,15/09/2022,Pressing Drill,12.97,1366,105.35,412,403,348,192,12,0,0.94,1.76,6.49,2,11,29,46,25,8,3,0,18,18,42,23,15,2,1,269,20.73,755,3,1.14,38,257
Khalid,15/09/2022,Warm Up,15.53,894,57.58,242,356,135,89,53,18,4.62,0.96,7.84,6,6,37,25,6,4,2,0,6,38,36,4,4,1,1,142,9.12,513,3,0.48,13,70
Tariq,15/09/2022,Crossing & Finishing,30.4,1576,51.85,831,344,171,148,73,9,2.71,0.86,7.39,9,26,76,39,27,21,3,2,15,57,44,28,12,3,0,296,9.72,410,1,1.15,40,213
Tariq,15/09/2022,Pressing Drill,12.97,1596,123.09,387,483,336,309,80,1,6.25,2.05,7.15,6,3,30,55,9,3,0,0,10,26,27,25,7,3,0,350,27.02,572,1,1.29,37,269
Tariq,15/09/2022,Warm Up,15.53,830,53.43,306,378,49,63,34,0,2.16,0.89,6.96,4,8,27,11,3,5,3,0,2,40,11,4,0,1,1,78,5.02,331,3,0.28,8,44
Faisal,15/09/2022,Crossing & Finishing,30.4,1370,45.05,630,379,174,167,19,0,0.64,0.75,6.08,3,13,39,40,26,12,1,0,4,42,39,31,3,1,0,200,6.57,358,0,0.8,21,180
Faisal,15/09/2022,Pressing Drill,12.97,1426,110.01,413,407,233,277,96,1,7.45,1.83,7.18,9,3,33,52,17,2,1,0,11,30,33,17,6,5,0,315,24.31,479,3,1.14,31,219
Faisal,15/09/2022,Warm Up,15.53,852,54.89,292,396,69,68,27,0,1.73,0.91,6.64,5,7,22,11,2,6,1,0,4,22,17,3,3,0,1,90,5.78,356,0,0.34,9,63
Rami,15/09/2022,Warm Up,15.53,904,58.2,330,372,83,75,44,0,2.85,0.97,6.57,6,9,32,26,1,6,3,0,6,37,25,4,2,2,2,109,7,407,4,0.4,10,64
Zayd,15/09/2022,Crossing & Finishing,4.61,141,30.56,76,41,11,12,0,0,0,0.51,5.38,0,0,11,12,5,0,0,0,3,14,8,0,2,0,1,15,3.34,67,0,0.06,2,15
Zayd,15/09/2022,Entire Session,4.61,141,30.56,76,41,11,12,0,0,0,0.51,5.38,0,0,11,12,5,0,0,0,3,14,8,0,2,0,1,15,3.34,67,0,0.06,2,15
Nabil,15/09/2022,Pressing Drill,12.97,1249,96.33,388,266,285,248,59,4,4.83,1.61,7.32,7,24,28,45,14,17,6,1,24,53,32,15,17,4,3,305,23.51,370,3,1.16,38,242
Nabil,15/09/2022,Warm Up,15.53,816,52.53,358,314,45,52,46,0,2.98,0.87,6.91,6,8,34,18,0,5,3,0,5,31,23,2,1,3,1,83,5.36,272,4,0.29,7,37
Adel,15/09/2022,Pressing Drill,12.97,1341,103.45,397,354,224,283,84,0,6.45,1.72,6.91,10,18,29,31,25,12,6,0,18,35,36,21,10,5,3,337,26.01,542,4,1.26,37,254
Adel,15/09/2022,Warm Up,15.53,844,54.33,275,414,66,49,38,1,2.53,0.91,7.21,4,6,27,16,1,4,2,0,3,42,22,3,2,0,1,90,5.77,408,0,0.32,8,50
Bassel,15/09/2022,Warm Up,15.53,843,54.26,330,345,66,56,43,3,2.95,0.9,7.29,5,9,35,14,1,5,4,0,7,44,14,3,1,5,1,100,6.45,225,4,0.37,9,54
Jamal,15/09/2022,Pressing Drill,12.97,1240,95.65,471,327,218,174,37,14,3.92,1.59,8.05,5,18,21,29,27,14,3,1,15,34,43,15,9,4,2,266,20.5,421,3,1.05,28,215
Jamal,15/09/2022,Warm Up,15.53,776,49.96,275,354,48,57,41,1,2.71,0.83,7.16,4,5,18,11,2,5,0,0,4,31,13,2,2,2,0,82,5.28,340,0,0.28,7,40
Hassan,15/09/2022,Crossing & Finishing,17.88,678,37.92,411,165,61,36,6,0,0.32,0.63,6,0,24,39,27,20,18,4,2,20,47,37,13,12,6,2,108,6.04,203,1,0.53,12,102
Hassan,15/09/2022,Warm Up,15.53,790,50.9,221,353,70,89,57,0,3.69,0.85,6.85,6,9,24,11,4,4,4,1,8,26,13,4,3,4,1,131,8.46,445,5,0.47,12,74
Imran,15/09/2022,Crossing & Finishing,21.11,1105,52.33,538,314,113,119,21,0,1.01,0.87,6.59,3,19,53,43,17,11,6,2,13,65,46,16,8,3,2,177,8.37,435,3,0.73,20,155
Imran,15/09/2022,Pressing Drill,12.97,1312,101.19,417,349,257,231,51,7,4.53,1.69,7.77,6,11,29,37,22,10,1,0,10,26,39,24,6,3,1,303,23.39,526,1,1.18,39,244
Imran,15/09/2022,Warm Up,15.53,876,56.41,357,335,74,91,19,0,1.22,0.94,6.54,3,8,34,17,2,6,2,0,3,37,16,8,0,2,1,96,6.2,400,2,0.37,11,77
Majid,15/09/2022,Pressing Drill,12.97,1454,112.1,323,423,402,264,41,0,3.17,1.87,6.95,5,26,32,36,29,21,4,1,19,24,43,26,12,5,2,347,26.78,778,3,1.42,42,306
Majid,15/09/2022,Warm Up,15.53,785,50.56,290,343,49,69,34,0,2.22,0.84,6.93,5,9,22,19,2,4,5,0,7,34,17,3,0,5,2,102,6.58,403,5,0.38,8,68
Fadi,15/09/2022,Pressing Drill,12.97,1218,93.92,331,317,263,270,37,0,2.88,1.57,6.91,4,15,30,27,26,12,3,0,12,35,43,15,7,2,3,265,20.47,399,1,1.03,29,228
Fadi,15/09/2022,Warm Up,13.44,579,43.06,228,178,132,28,11,1,0.96,0.72,7.34,1,4,30,9,4,3,1,0,2,27,12,5,1,0,1,50,3.69,228,1,0.2,5,37
Ibrahim,15/09/2022,Crossing & Finishing,30.4,1568,51.56,727,319,163,187,151,21,5.65,0.86,7.91,13,23,31,43,15,15,7,1,15,56,45,22,10,3,2,332,10.91,318,3,1.16,30,160
Ibrahim,15/09/2022,Warm Up,15.53,826,53.16,330,350,40,65,40,1,2.62,0.89,7.02,6,7,30,22,3,5,2,0,7,39,21,2,4,2,1,103,6.64,309,2,0.38,10,62
Youssef,16/09/2022,Warm Up,11.56,553,47.88,226,267,30,30,0,0,0,0.8,5.4,0,1,34,34,3,1,0,0,0,42,25,7,0,0,0,35,3,274,0,0.14,6,35
Omar,16/09/2022,Warm Up,11.56,708,61.29,180,415,77,36,0,0,0,1.02,5.42,0,2,29,35,8,2,0,0,1,32,35,4,1,0,0,55,4.75,400,0,0.24,8,55
Khalid,16/09/2022,Warm Up,11.56,677,58.53,182,368,90,36,0,0,0,0.98,5.21,0,2,23,31,15,2,0,0,0,26,44,11,0,0,0,66,5.7,494,0,0.28,12,66
Tariq,16/09/2022,Warm Up,11.56,674,58.29,166,379,103,26,0,0,0,0.97,4.84,0,0,23,15,2,0,0,0,0,28,9,4,0,0,0,27,2.31,192,0,0.12,6,27
Faisal,16/09/2022,Warm Up,11.56,686,59.37,156,389,71,69,1,0,0.1,0.99,5.54,0,0,16,16,8,0,0,0,1,23,19,4,1,0,0,78,6.78,328,0,0.3,10,77
Rami,16/09/2022,Warm Up,11.56,523,45.23,255,215,23,28,2,0,0.15,0.75,5.81,0,7,32,30,2,5,2,0,1,31,26,8,0,0,1,41,3.52,186,0,0.17,6,39
Nabil,16/09/2022,Warm Up,11.56,646,55.89,227,331,51,37,0,0,0,0.93,5.47,0,3,32,18,3,3,0,0,0,22,27,4,0,0,0,47,4.06,316,0,0.19,8,47
Adel,16/09/2022,Warm Up,11.56,775,67.01,207,368,125,69,6,0,0.48,1.12,6.83,0,2,20,17,11,1,1,0,0,23,26,4,0,0,0,61,5.26,353,1,0.26,11,55
Bassel,16/09/2022,Warm Up,11.56,705,60.97,161,457,69,16,1,0,0.05,1.02,5.58,0,2,36,24,8,2,0,0,1,34,30,5,1,0,0,41,3.52,322,0,0.18,5,40
Hassan,16/09/2022,Warm Up,11.56,522,45.14,235,205,47,35,0,0,0,0.75,5,0,2,20,12,5,2,0,0,0,15,12,9,0,0,0,48,4.18,263,0,0.2,9,48
Sami,16/09/2022,Warm Up,11.56,494,42.75,260,165,42,25,2,0,0.2,0.71,5.95,1,4,20,9,6,4,0,0,0,34,16,5,0,0,0,47,4.06,432,0,0.21,6,45
Imran,16/09/2022,Warm Up,11.56,493,42.68,254,187,33,19,0,0,0,0.71,5.19,0,3,40,28,3,3,0,0,1,26,31,5,1,0,0,40,3.46,108,0,0.18,6,40
Fadi,16/09/2022,Warm Up,11.56,693,59.91,233,330,98,32,0,0,0,1,5.19,0,1,21,18,8,1,0,0,3,28,19,3,3,0,0,55,4.74,395,0,0.24,9,55
Ibrahim,16/09/2022,Warm Up,11.56,617,53.41,230,235,82,64,6,0,0.54,0.89,5.94,1,7,31,27,7,5,2,0,3,44,29,7,3,0,0,83,7.21,178,0,0.34,12,77
Faisal,17/09/2022,Warm Up,15.8,767,48.57,253,232,145,47,74,16,5.72,0.81,7.35,3,4,51,20,2,1,3,0,0,49,29,3,0,0,0,97,6.11,288,1,0.28,5,6
Youssef,18/09/2022,Possession Drill,15.8,1104,69.88,491,436,109,65,3,0,0.22,1.16,6.06,1,6,55,59,24,5,1,0,18,45,57,18,14,4,0,134,8.49,253,1,0.59,18,131
Youssef,18/09/2022,Set Pieces,10.98,353,32.12,240,87,23,3,0,0,0,0.54,4.3,0,11,36,29,7,3,8,0,4,58,31,14,3,1,0,37,3.39,69,1,0.21,5,37
Omar,18/09/2022,Set Pieces,10.98,395,35.95,238,94,43,17,3,0,0.26,0.6,5.79,0,16,37,18,8,13,3,0,5,39,22,14,4,1,0,62,5.63,98,0,0.31,10,59
Khalid,18/09/2022,Possession Drill,15.8,1388,87.82,488,489,292,119,0,0,0,1.46,5.49,0,19,44,49,37,12,7,0,17,45,63,26,16,1,0,214,13.54,665,1,0.97,29,214
Khalid,18/09/2022,Set Pieces,10.98,446,40.61,272,128,35,11,0,0,0,0.68,4.88,0,10,37,21,11,7,3,0,6,50,34,9,5,1,0,56,5.09,103,0,0.29,9,56
Khalid,18/09/2022,SSG 5v5,27.76,1447,52.13,657,503,191,95,1,0,0.02,0.87,5.53,0,23,68,75,41,15,7,1,17,80,72,48,9,8,0,230,8.3,453,3,1.06,37,230
Khalid,18/09/2022,Warm Up,13.56,932,68.73,286,390,135,91,27,2,2.16,1.15,7.11,3,9,40,51,19,5,3,1,10,43,62,19,6,4,0,149,10.99,472,3,0.61,19,120
Tariq,18/09/2022,Possession Drill,15.8,1326,83.92,455,529,220,121,2,0,0.11,1.4,5.86,1,15,38,52,35,12,3,0,14,32,67,25,7,7,0,231,14.62,352,0,1.04,29,229
Tariq,18/09/2022,Set Pieces,10.98,295,26.89,229,47,10,9,0,0,0,0.45,4.94,0,7,26,5,6,5,2,0,2,33,8,7,2,0,0,25,2.29,35,0,0.14,3,25
Tariq,18/09/2022,SSG 5v5,27.76,1637,58.96,641,566,215,165,49,0,1.77,0.98,6.71,4,25,61,70,42,16,8,1,21,52,89,30,15,6,0,289,10.42,398,3,1.22,35,240
Faisal,18/09/2022,Possession Drill,15.8,1072,67.86,432,412,187,42,0,0,0,1.13,5.34,0,6,53,41,23,4,2,0,5,37,54,20,4,1,0,116,7.35,243,0,0.55,18,116
Faisal,18/09/2022,Set Pieces,10.98,268,24.41,193,55,17,3,0,0,0,0.41,4.3,0,3,15,16,7,1,2,0,3,26,15,6,2,1,0,21,1.95,28,0,0.11,3,21
Faisal,18/09/2022,SSG 5v5,27.76,1150,41.42,588,388,129,44,0,0,0,0.69,5.36,0,7,76,57,19,6,1,0,4,46,61,25,4,0,0,94,3.39,226,0,0.45,15,94
Nabil,18/09/2022,Possession Drill,15.8,1206,76.3,512,446,177,64,6,0,0.4,1.27,6.2,1,26,45,50,23,19,7,0,20,40,64,22,12,6,2,171,10.84,411,2,0.81,21,165
Nabil,18/09/2022,Set Pieces,10.98,433,39.43,235,111,43,28,17,0,1.52,0.66,6.82,2,8,24,17,12,6,2,0,7,27,27,6,4,1,2,66,6.04,143,1,0.28,7,50
Nabil,18/09/2022,SSG 5v5,27.76,1327,47.79,568,475,173,106,5,0,0.16,0.8,5.84,0,28,62,55,37,20,7,1,24,44,71,34,16,7,1,245,8.84,319,2,1.13,38,241
Adel,18/09/2022,Possession Drill,15.8,1403,88.81,547,483,230,133,9,0,0.59,1.48,6.27,1,26,44,39,33,21,5,0,16,41,58,39,13,2,1,252,15.94,734,1,1.11,34,243
Adel,18/09/2022,Set Pieces,10.98,459,41.81,260,90,39,52,17,0,1.58,0.7,6.48,3,9,35,12,6,4,4,1,5,32,12,4,5,0,0,83,7.56,121,2,0.33,11,66
Jamal,18/09/2022,Possession Drill,15.8,1325,83.89,525,513,198,82,8,0,0.51,1.4,6.33,1,16,42,49,35,13,3,0,14,40,70,20,9,4,1,189,11.98,387,2,0.87,24,181
Jamal,18/09/2022,Set Pieces,10.98,465,42.36,240,139,56,30,0,0,0,0.71,5.38,0,11,39,21,6,10,1,0,6,50,27,6,2,3,1,69,6.26,102,1,0.32,10,69
Hassan,18/09/2022,Possession Drill,15.8,1143,72.33,515,386,157,71,14,0,0.86,1.21,6.86,1,29,46,50,22,21,8,0,21,40,60,23,13,6,2,185,11.7,366,2,0.83,25,171
Hassan,18/09/2022,Set Pieces,10.98,349,31.74,238,75,32,4,0,0,0,0.53,4.37,0,6,24,14,11,2,4,0,4,29,14,11,3,0,1,37,3.33,61,1,0.2,5,37
Hassan,18/09/2022,SSG 5v5,27.76,1287,46.36,598,443,163,80,3,0,0.1,0.77,5.94,0,30,59,58,33,22,6,2,27,68,58,25,16,7,4,196,7.08,360,2,0.89,28,194
Sami,18/09/2022,Possession Drill,15.8,1259,79.66,467,524,195,68,5,0,0.29,1.33,5.93,1,18,42,54,28,12,5,1,20,26,55,31,16,3,1,186,11.77,662,2,0.86,28,181
Sami,18/09/2022,SSG 5v5,27.76,1480,53.31,580,519,215,130,37,0,1.32,0.89,6.36,2,27,60,56,29,19,7,1,21,52,65,34,18,3,0,254,9.15,566,0,1.1,33,217
Sami,18/09/2022,Warm Up,13.56,824,60.76,413,240,77,59,32,3,2.58,1.01,7.44,5,9,38,17,14,5,2,2,6,29,35,11,4,2,0,110,8.08,380,3,0.43,13,75
Imran,18/09/2022,Possession Drill,15.8,1238,78.34,524,357,257,89,12,0,0.74,1.31,6.35,2,25,35,45,31,21,4,0,16,36,57,25,8,6,2,189,11.94,400,2,0.88,22,177
Imran,18/09/2022,Set Pieces,10.98,444,40.47,261,78,26,34,44,1,4.04,0.67,7.03,3,6,24,12,2,3,2,1,1,18,19,5,1,0,0,69,6.26,117,1,0.23,5,24
Imran,18/09/2022,Warm Up,13.56,766,56.54,334,244,80,78,24,7,2.25,0.94,7.46,3,10,35,17,17,4,4,2,6,36,34,7,3,3,0,121,8.9,277,3,0.47,13,90
Majid,18/09/2022,Possession Drill,15.8,1282,81.13,484,423,222,140,11,0,0.72,1.35,6.05,1,22,39,54,27,14,6,2,27,31,44,28,16,7,4,256,16.21,439,4,1.13,35,245
Majid,18/09/2022,Set Pieces,10.98,480,43.7,214,132,70,47,11,5,1.5,0.73,7.31,1,12,19,18,6,7,5,0,10,23,22,6,8,1,1,95,8.64,170,1,0.4,13,78
Ibrahim,18/09/2022,Set Pieces,10.98,426,38.75,222,128,38,22,15,1,1.41,0.65,7.01,1,12,22,21,12,6,5,1,6,24,28,11,5,0,1,79,7.17,111,0,0.36,8,63
Ibrahim,18/09/2022,SSG 5v5,27.76,1287,46.35,608,473,161,42,3,0,0.11,0.77,6.26,1,28,75,70,39,21,7,0,25,54,72,39,17,7,1,182,6.57,237,2,0.9,24,179
Omar,21/09/2022,Crossing & Finishing,27.08,966,35.67,377,184,120,235,49,0,1.82,0.59,6.86,4,26,51,28,8,18,7,1,13,60,33,16,8,4,1,287,10.62,260,1,1.1,28,238
Omar,21/09/2022,Passing Drill,12.44,1525,122.6,304,544,360,261,55,0,4.45,2.04,6.86,5,16,25,42,20,13,3,0,11,36,42,17,6,2,3,288,23.15,453,2,1.13,38,233
Omar,21/09/2022,Pressing Game,12,1101,91.77,318,390,222,145,27,1,2.29,1.53,7.04,2,11,30,42,37,10,1,0,23,37,47,21,16,6,1,257,21.39,332,0,1.08,31,229
Omar,21/09/2022,Warm Up,11.43,904,79.1,209,368,200,123,5,0,0.41,1.32,6.11,1,10,28,56,17,10,0,0,13,38,62,10,9,3,1,154,13.45,355,0,0.66,21,149
Khalid,21/09/2022,Crossing & Finishing,27.08,939,34.7,365,218,129,156,71,1,2.63,0.58,7.27,9,15,74,41,11,10,3,2,11,79,57,11,4,3,4,245,9.03,428,4,0.91,21,173
Khalid,21/09/2022,Pressing Game,12,1231,102.56,344,412,301,160,12,1,1.12,1.71,7.36,1,13,22,43,30,10,3,0,19,17,43,25,17,1,1,251,20.91,645,1,1.07,32,237
Khalid,21/09/2022,Warm Up,11.43,920,80.51,226,463,147,72,12,0,1.02,1.34,6.78,1,6,34,41,31,5,1,0,14,37,58,20,10,3,1,147,12.86,597,1,0.65,19,135
Tariq,21/09/2022,Pressing Game,12,1202,100.17,373,388,228,162,51,0,4.22,1.67,6.78,6,14,32,33,21,12,2,0,13,18,36,23,8,3,2,251,20.93,357,1,1,32,200
Tariq,21/09/2022,Warm Up,11.43,897,78.45,284,394,158,57,3,0,0.25,1.31,5.69,0,8,28,27,14,7,1,0,5,29,33,11,4,1,0,104,9.1,280,0,0.47,11,101
Rami,21/09/2022,Passing Drill,12.44,1284,103.27,349,571,191,102,47,24,5.73,1.72,8.22,4,8,35,50,20,7,1,0,10,20,54,19,4,4,2,198,15.89,474,2,0.75,20,126
Rami,21/09/2022,Pressing Game,12,1012,84.29,370,311,176,134,20,0,1.69,1.41,6.39,3,21,27,34,26,16,3,2,17,21,44,26,11,3,3,209,17.42,374,0,0.9,23,189
Rami,21/09/2022,Warm Up,11.43,853,74.64,293,379,104,76,2,0,0.2,1.24,5.62,0,7,39,39,22,5,2,0,12,51,52,12,5,4,3,131,11.49,368,1,0.58,20,129
Adel,21/09/2022,Crossing & Finishing,27.08,993,36.68,364,234,109,205,80,0,2.97,0.61,6.59,11,22,57,22,6,12,9,1,16,54,32,7,12,2,2,270,9.96,384,4,0.97,25,189
Adel,21/09/2022,Pressing Game,12,967,80.59,395,262,165,107,38,0,3.14,1.34,6.61,5,18,45,29,18,13,4,1,10,32,39,21,6,2,2,203,16.92,374,2,0.84,26,165
Adel,21/09/2022,Warm Up,11.43,749,65.49,241,321,131,52,5,0,0.4,1.09,5.83,1,3,33,25,20,2,0,1,4,26,42,13,1,2,1,102,8.96,445,0,0.46,16,98
Bassel,21/09/2022,Crossing & Finishing,27.08,742,27.4,487,143,92,20,0,0,0,0.46,4.83,0,21,58,21,10,17,4,0,21,56,28,7,15,6,0,99,3.64,121,0,0.5,20,99
Bassel,21/09/2022,Pressing Game,12,884,73.69,323,293,146,86,32,4,2.96,1.23,7.29,3,17,42,40,20,13,4,0,9,24,53,20,5,4,0,168,14.03,252,1,0.73,18,133
Bassel,21/09/2022,Warm Up,11.43,809,70.74,238,393,127,49,0,0,0,1.18,5,0,11,38,43,16,9,2,0,8,39,55,10,5,2,1,116,10.15,259,0,0.54,17,116
Jamal,21/09/2022,Crossing & Finishing,27.08,973,35.93,637,233,81,21,1,0,0.02,0.6,5.53,0,17,76,37,25,13,4,0,10,68,53,24,6,3,1,108,3.98,157,0,0.55,20,107
Jamal,21/09/2022,Pressing Game,12,872,72.66,452,246,100,71,2,0,0.19,1.21,5.71,0,7,38,25,21,6,1,0,9,38,36,12,9,0,0,115,9.56,202,0,0.5,17,113
Jamal,21/09/2022,Warm Up,11.43,878,76.78,298,377,152,48,2,0,0.2,1.28,5.69,0,6,35,24,14,5,1,0,3,29,38,12,2,1,0,93,8.17,420,0,0.43,13,91
Hassan,21/09/2022,Pressing Game,12,1192,99.32,313,421,237,180,41,0,3.43,1.66,6.83,6,15,33,40,25,12,3,0,18,26,36,28,14,3,1,269,22.45,526,2,1.08,34,228
Hassan,21/09/2022,Warm Up,11.43,785,68.7,271,327,112,66,9,0,0.78,1.14,6.33,1,10,39,30,15,8,2,0,8,29,43,12,6,1,1,111,9.73,363,0,0.49,16,102
Sami,21/09/2022,Crossing & Finishing,27.08,683,25.22,489,96,55,39,5,0,0.17,0.42,6.04,1,13,44,18,14,10,2,1,14,47,22,10,6,7,1,87,3.22,156,1,0.39,14,83
Sami,21/09/2022,Pressing Game,12,1016,84.64,338,375,185,117,1,0,0.05,1.41,5.51,0,12,41,38,17,8,4,0,18,29,38,20,15,3,0,181,15.06,611,0,0.77,27,180
Sami,21/09/2022,Warm Up,11.43,858,75.11,296,257,110,143,53,0,4.61,1.25,6.13,3,9,36,26,11,8,1,0,6,30,36,9,6,0,0,149,13.07,529,0,0.58,14,97
Imran,21/09/2022,Passing Drill,12.44,1279,102.84,425,440,177,129,79,29,8.72,1.71,7.74,6,11,25,29,12,9,2,0,12,20,24,12,6,4,2,220,17.69,326,2,0.77,24,112
Imran,21/09/2022,Pressing Game,12,950,79.18,411,285,149,78,25,2,2.23,1.32,7.46,2,15,28,27,15,9,5,1,12,35,37,12,10,2,0,160,13.37,217,0,0.69,22,134
Imran,21/09/2022,Warm Up,11.43,732,64.04,296,280,113,43,0,0,0,1.07,5.03,0,4,41,27,21,3,1,0,7,39,42,12,5,2,0,105,9.2,187,0,0.48,19,105
Anas,21/09/2022,Pressing Game,12,1118,93.21,348,380,230,158,3,0,0.24,1.55,6.22,1,18,33,45,23,13,5,0,15,32,56,16,11,4,0,225,18.77,362,1,0.99,31,222
Anas,21/09/2022,Warm Up,11.43,743,65.04,272,306,98,67,2,0,0.15,1.08,5.6,0,10,33,41,25,9,1,0,11,39,54,15,8,3,0,123,10.73,325,1,0.55,16,121
Majid,21/09/2022,Warm Up,11.43,738,64.57,249,317,121,50,1,0,0.05,1.08,5.72,0,12,39,29,24,9,3,0,5,43,50,18,2,1,2,113,9.92,341,0,0.54,17,113
Fadi,21/09/2022,Passing Drill,12.44,1369,110.07,321,526,304,170,49,0,3.92,1.83,6.74,5,6,26,31,11,5,1,0,2,25,37,15,2,0,0,192,15.45,300,0,0.74,24,143
Fadi,21/09/2022,Pressing Game,12,1006,83.86,331,281,160,161,72,2,6.21,1.4,7.31,7,15,36,35,19,12,3,0,10,32,39,15,7,2,1,223,18.61,212,1,0.86,26,149
Fadi,21/09/2022,Warm Up,11.43,751,65.73,219,351,97,82,2,0,0.15,1.1,5.78,0,8,40,39,15,6,2,0,7,40,38,12,4,2,1,112,9.79,218,0,0.47,16,110
Omar,22/09/2022,Warm Up,16.04,1283,80,283,758,99,65,61,17,4.88,1.33,7.7,6,7,49,41,4,3,3,1,4,38,51,7,2,2,0,139,8.67,646,3,0.45,11,61
Khalid,22/09/2022,Warm Up,16.04,1266,78.92,238,742,142,66,56,22,4.86,1.32,7.57,5,5,48,41,4,1,2,2,5,52,53,5,1,3,1,136,8.47,695,4,0.43,11,58
Nabil,22/09/2022,Warm Up,16.04,1220,76.05,294,706,79,54,61,26,5.4,1.27,7.76,6,7,44,23,5,3,2,2,5,39,35,5,1,2,2,139,8.66,369,4,0.45,11,52
Bassel,22/09/2022,SSG 6v6,12.46,1304,104.63,313,427,337,181,46,0,3.67,1.74,6.95,6,32,35,52,22,24,7,1,20,33,56,31,14,4,2,301,24.18,645,2,1.24,44,256
Jamal,22/09/2022,SSG 6v6,12.46,1401,112.44,399,424,321,237,20,0,1.62,1.87,6.63,2,10,25,43,30,6,4,0,16,18,50,22,10,5,1,299,23.97,586,1,1.22,38,278
Imran,22/09/2022,SSG 6v6,12.46,1234,99.01,442,359,204,202,27,0,2.15,1.65,6.35,4,18,36,25,26,12,4,2,14,24,34,22,12,1,1,245,19.67,417,1,1.02,29,218
Majid,22/09/2022,SSG 6v6,12.46,1391,111.66,342,499,311,202,38,0,3.06,1.86,6.77,5,21,22,39,32,14,5,2,20,26,34,29,13,5,2,307,24.6,671,5,1.28,38,268
Fadi,22/09/2022,SSG 6v6,12.46,1352,108.45,393,362,207,307,82,0,6.62,1.81,6.81,3,14,24,36,25,12,2,0,10,19,36,24,7,2,1,310,24.84,242,2,1.19,28,227
Fadi,22/09/2022,Warm Up,16.04,883,55.07,215,368,143,84,55,17,4.5,0.92,7.66,5,10,35,30,4,5,3,2,8,21,32,13,1,3,4,150,9.33,258,4,0.52,11,77
Youssef,23/09/2022,Possession Drill,11.74,1165,99.18,310,524,208,107,15,0,1.31,1.65,6.75,2,9,34,40,19,6,2,1,12,19,41,22,8,3,1,178,15.16,261,0,0.76,24,163
Youssef,23/09/2022,Pressing Game,11.74,1070,91.11,373,398,150,113,33,3,3.02,1.52,7.25,3,11,28,45,20,7,4,0,12,28,52,11,4,7,1,174,14.84,297,1,0.7,22,139
Youssef,23/09/2022,SSG 7v7,11.67,886,75.92,333,380,121,41,10,0,0.84,1.27,6.28,1,11,26,51,23,7,3,1,17,31,45,18,10,6,1,120,10.28,228,2,0.56,19,110
Youssef,23/09/2022,Warm Up,7.43,871,117.16,94,630,75,51,21,0,2.77,1.95,6.12,2,2,25,11,0,1,0,1,2,17,13,1,1,1,0,50,6.7,217,1,0.17,4,29
Khalid,23/09/2022,Possession Drill,11.74,1366,116.3,279,489,370,208,20,0,1.71,1.94,6.28,4,18,26,52,22,15,3,0,16,17,52,36,10,4,2,287,24.41,312,2,1.19,40,267
Khalid,23/09/2022,Pressing Game,11.74,1299,110.64,342,454,253,171,76,3,6.71,1.84,7.41,7,15,38,40,21,11,4,0,20,22,35,26,16,2,2,305,25.96,262,1,1.19,34,226
Khalid,23/09/2022,SSG 7v7,11.67,994,85.17,320,427,188,58,1,0,0.1,1.42,5.77,0,9,44,47,32,7,2,0,16,22,50,33,14,2,0,166,14.19,216,0,0.79,18,164
Tariq,23/09/2022,Possession Drill,11.74,1296,110.38,303,481,270,198,44,0,3.73,1.84,6.68,7,13,25,36,27,10,1,2,11,20,43,20,9,1,1,283,24.1,306,2,1.15,39,239
Tariq,23/09/2022,Pressing Game,11.74,1241,105.64,375,457,216,137,46,9,4.76,1.76,7.78,6,17,31,23,22,14,3,0,9,23,40,22,4,2,3,244,20.76,262,3,0.96,34,188
Tariq,23/09/2022,SSG 7v7,11.67,1034,88.55,341,433,164,74,22,0,1.88,1.48,6.83,2,16,31,41,17,9,7,0,11,31,52,19,9,2,0,154,13.18,188,2,0.66,19,132
Faisal,23/09/2022,Possession Drill,11.74,1205,102.61,278,463,284,175,5,0,0.39,1.71,5.8,1,5,24,41,20,3,2,0,4,22,45,17,3,1,0,176,15.02,421,0,0.76,29,172
Faisal,23/09/2022,Pressing Game,11.74,987,84.04,381,329,145,114,17,0,1.47,1.4,6.19,3,7,35,35,12,6,1,0,3,27,30,15,2,1,0,147,12.49,251,0,0.58,17,129
Faisal,23/09/2022,SSG 7v7,11.67,861,73.73,357,318,130,56,0,0,0,1.23,5.21,0,2,36,44,14,2,0,0,4,32,41,12,4,0,0,89,7.6,225,0,0.4,11,89
Rami,23/09/2022,Possession Drill,11.74,1025,87.3,366,399,157,95,9,0,0.73,1.46,6.24,2,15,30,44,28,13,2,0,16,43,47,18,9,4,3,174,14.8,336,2,0.77,24,165
Rami,23/09/2022,Pressing Game,11.74,1102,93.84,365,419,134,130,39,15,4.62,1.56,7.88,5,18,27,54,24,15,3,0,11,28,55,20,8,3,0,215,18.33,423,2,0.87,20,161
Rami,23/09/2022,SSG 7v7,11.67,867,74.3,348,380,96,44,0,0,0,1.24,5.23,0,16,36,52,24,11,5,0,14,29,52,24,9,3,2,113,9.66,373,1,0.54,19,113
Rami,23/09/2022,Warm Up,7.43,840,112.96,102,610,62,52,12,0,1.68,1.88,6.45,1,2,19,13,0,1,1,0,1,22,18,2,1,0,0,45,6,308,0,0.15,3,32
Nabil,23/09/2022,Possession Drill,11.74,1161,98.9,333,348,253,202,26,0,2.21,1.65,6.68,4,19,26,34,14,13,5,1,18,35,31,20,11,5,2,246,20.97,403,2,1.01,31,220
Nabil,23/09/2022,Pressing Game,11.74,1122,95.59,417,320,182,140,54,9,5.4,1.59,7.82,3,14,29,34,22,13,1,0,13,23,38,20,9,4,0,227,19.32,310,2,0.88,26,164
Nabil,23/09/2022,SSG 7v7,11.67,904,77.42,357,327,113,82,25,0,2.14,1.29,6.56,2,24,25,43,21,21,3,0,13,23,60,18,8,3,2,165,14.12,259,2,0.71,17,140
Nabil,23/09/2022,Warm Up,7.43,849,114.24,107,614,75,33,21,0,2.8,1.9,6.77,2,2,10,13,0,0,2,0,2,13,18,1,2,0,0,42,5.62,406,0,0.15,5,21
Adel,23/09/2022,Possession Drill,11.74,1263,107.52,301,486,237,179,57,1,4.99,1.79,7.04,5,14,35,48,22,9,4,1,18,26,47,20,10,5,3,253,21.58,510,3,0.98,26,195
Adel,23/09/2022,Pressing Game,11.74,1198,102.02,368,396,186,170,62,17,6.69,1.7,8.05,6,13,28,43,25,8,4,1,18,37,26,25,12,4,2,271,23.11,438,2,1.02,31,193
Adel,23/09/2022,SSG 7v7,11.67,977,83.73,328,361,165,106,17,0,1.44,1.4,6.15,2,16,32,46,19,7,8,1,20,28,39,22,13,6,1,197,16.91,403,2,0.85,25,181
Jamal,23/09/2022,Possession Drill,11.74,1134,96.56,367,400,227,107,33,1,2.83,1.61,7.03,4,14,23,45,19,11,3,0,11,32,36,23,6,4,1,198,16.86,337,1,0.83,29,165
Jamal,23/09/2022,Pressing Game,11.74,1185,100.93,414,358,205,175,33,0,2.85,1.68,6.93,4,11,24,42,17,6,5,0,14,34,30,18,10,3,1,230,19.62,379,2,0.91,30,197
Jamal,23/09/2022,SSG 7v7,11.67,823,70.53,418,300,85,20,1,0,0.1,1.18,5.7,0,12,48,35,17,6,5,1,14,31,45,7,9,3,2,85,7.28,204,1,0.42,11,84
Jamal,23/09/2022,Warm Up,7.43,724,97.46,101,516,53,49,6,0,0.84,1.62,6,2,2,25,7,0,1,1,0,1,22,12,2,1,0,0,36,4.86,305,0,0.13,3,30
Hassan,23/09/2022,Possession Drill,11.74,1249,106.32,300,443,257,199,50,0,4.23,1.77,6.53,6,18,15,58,24,14,2,2,16,19,46,29,7,4,5,301,25.64,527,3,1.21,38,251
Hassan,23/09/2022,SSG 7v7,11.67,883,75.62,341,318,131,77,15,0,1.29,1.26,6.77,1,22,34,38,20,14,8,0,15,25,47,23,8,5,2,164,14.01,260,2,0.72,25,148
Hassan,23/09/2022,Warm Up,7.43,892,119.98,81,650,88,51,22,0,2.89,2,6.89,2,3,15,6,0,2,0,1,1,17,8,2,0,1,0,46,6.17,631,1,0.15,5,24
Sami,23/09/2022,Possession Drill,11.74,1242,105.77,275,541,283,137,6,0,0.53,1.76,6.02,2,11,40,45,20,8,2,1,15,18,43,28,12,3,0,189,16.09,559,0,0.8,24,183
Sami,23/09/2022,Pressing Game,11.74,1341,114.2,328,502,268,198,44,0,3.77,1.9,6.54,7,22,37,39,21,15,5,2,18,17,41,26,17,1,0,275,23.45,588,3,1.09,28,231
Sami,23/09/2022,Warm Up,7.43,785,105.58,107,558,70,46,3,0,0.46,1.76,5.85,1,2,21,7,1,0,1,1,1,17,8,2,1,0,0,37,5.01,362,0,0.15,5,34
Imran,23/09/2022,Possession Drill,11.74,1122,95.55,380,344,205,179,14,0,1.21,1.59,5.88,3,20,35,30,24,10,9,1,15,21,39,21,10,4,1,232,19.76,349,1,0.96,33,218
Imran,23/09/2022,Pressing Game,11.74,1002,85.32,458,195,106,169,71,3,6.25,1.42,7.22,7,19,32,19,14,12,7,0,21,28,24,9,15,5,1,246,20.92,286,3,0.9,24,172
Imran,23/09/2022,SSG 7v7,11.67,833,71.38,386,237,117,70,23,0,1.98,1.19,6.84,2,19,26,27,22,14,4,1,15,24,32,19,7,5,3,154,13.2,227,1,0.66,24,131
Imran,23/09/2022,Warm Up,7.43,858,115.42,95,608,89,39,27,0,3.68,1.92,6.85,2,2,13,10,0,1,0,1,2,16,13,0,2,0,0,46,6.14,444,1,0.14,3,18
Anas,23/09/2022,Possession Drill,11.74,1188,101.2,310,500,246,122,10,0,0.83,1.69,6.24,1,15,31,43,37,11,3,1,16,31,55,26,12,4,0,203,17.33,340,0,0.9,28,194
Anas,23/09/2022,Pressing Game,11.74,1257,107.01,308,467,284,157,42,0,3.53,1.78,6.9,4,22,27,51,25,17,5,0,14,23,54,31,10,4,0,263,22.44,359,1,1.11,36,222
Anas,23/09/2022,SSG 7v7,11.67,938,80.35,340,355,151,77,14,0,1.23,1.34,6.64,1,14,35,57,34,12,2,0,16,28,54,31,10,5,1,179,15.33,241,1,0.81,23,165
Anas,23/09/2022,Warm Up,7.43,885,119,93,600,113,38,40,0,5.37,1.98,6.78,3,2,16,13,3,1,0,1,1,17,15,1,1,0,0,62,8.32,344,0,0.21,7,22
Majid,23/09/2022,SSG 7v7,11.67,1102,94.42,317,374,211,167,33,0,2.86,1.57,6.81,4,19,23,41,24,11,8,0,16,24,36,27,7,7,2,251,21.47,388,2,1.02,33,217
Majid,23/09/2022,Warm Up,7.43,853,114.78,85,623,75,36,32,2,4.62,1.91,7.32,3,2,24,12,0,0,1,1,2,20,15,2,2,0,0,50,6.73,542,1,0.16,3,16
Fadi,23/09/2022,Possession Drill,11.74,1185,100.89,338,431,242,145,28,0,2.41,1.68,6.61,3,15,27,48,24,11,4,0,17,32,49,20,9,5,3,233,19.84,278,3,0.98,35,205
Fadi,23/09/2022,Pressing Game,11.74,1168,99.46,335,412,194,165,55,8,5.38,1.66,7.93,6,19,35,41,17,14,5,0,13,27,35,20,8,3,2,262,22.29,259,2,1.02,30,199
Fadi,23/09/2022,SSG 7v7,11.67,910,77.98,339,331,118,106,16,0,1.38,1.3,6.01,4,8,30,39,24,5,2,1,15,25,37,17,8,6,1,171,14.63,204,3,0.71,20,155
Fadi,23/09/2022,Warm Up,7.43,849,114.25,106,571,109,53,10,0,1.28,1.9,5.83,1,0,19,8,4,0,0,0,2,18,9,0,1,1,0,45,6.08,296,0,0.17,4,36
Youssef,24/09/2022,Possession Drill,21.56,1657,76.86,558,761,261,43,14,19,1.55,1.28,7.97,1,12,62,76,27,9,3,0,16,51,81,26,14,2,0,173,8.03,620,1,0.79,25,140
Youssef,24/09/2022,Warm Up,15.82,1015,64.12,330,391,134,110,19,31,3.15,1.07,8.28,2,12,43,36,15,7,3,2,9,64,42,10,3,4,2,191,12.06,466,3,0.72,22,141
Omar,24/09/2022,Possession Drill,21.56,1614,74.85,560,602,295,134,23,0,1.04,1.25,6.55,4,19,43,65,27,18,1,0,24,55,69,18,20,3,1,222,10.3,532,1,0.96,32,199
Omar,24/09/2022,Warm Up,15.82,974,61.57,249,457,138,99,31,1,2.01,1.03,7.13,4,15,36,45,11,11,3,1,11,43,54,7,4,5,2,165,10.41,415,4,0.65,21,133
Khalid,24/09/2022,Finishing Drill,13.44,591,43.99,294,145,82,62,9,0,0.64,0.73,6.06,2,8,42,31,13,8,0,0,3,40,47,9,3,0,0,81,6.01,145,0,0.33,11,72
Tariq,24/09/2022,Crossing & Finishing,35.88,1765,49.2,829,451,248,184,51,2,1.49,0.82,7.53,5,15,59,66,24,11,4,0,12,50,66,25,10,2,0,282,7.87,629,1,1.14,38,229
Tariq,24/09/2022,Finishing Drill,13.44,549,40.88,397,110,25,17,1,0,0.04,0.68,5.72,0,4,38,16,6,3,1,0,1,36,21,8,1,0,0,33,2.46,69,0,0.15,4,32
Tariq,24/09/2022,Possession Drill,21.56,1529,70.92,622,588,170,126,23,0,1.09,1.18,6.7,3,13,38,49,27,11,2,0,11,33,51,21,9,2,0,201,9.31,457,0,0.84,23,177
Tariq,24/09/2022,Shooting Drill,20.59,1846,89.69,623,753,268,176,27,0,1.29,1.49,6.46,3,30,50,71,40,22,7,1,21,43,80,44,15,4,2,318,15.44,598,2,1.36,43,291
Tariq,24/09/2022,Warm Up,15.82,980,61.96,263,441,139,110,26,0,1.67,1.03,6.56,3,11,46,20,12,7,4,0,9,32,40,11,5,2,2,151,9.57,363,3,0.62,20,125
Faisal,24/09/2022,Crossing & Finishing,35.88,1503,41.88,825,363,180,106,26,2,0.79,0.7,7.22,4,7,67,35,24,5,2,0,5,41,39,18,4,1,0,191,5.33,319,1,0.79,24,163
Faisal,24/09/2022,Possession Drill,21.56,1480,68.67,632,527,200,104,16,1,0.78,1.14,7.03,2,7,38,47,17,7,0,0,1,45,52,20,1,0,0,138,6.38,421,0,0.59,14,121
Faisal,24/09/2022,Shooting Drill,20.59,1485,72.12,681,602,128,73,0,0,0,1.2,5.46,0,13,69,68,23,11,2,0,3,51,81,26,2,1,0,135,6.56,417,0,0.61,15,135
Faisal,24/09/2022,Warm Up,15.82,866,54.72,234,360,119,141,12,0,0.77,0.91,6.29,2,12,23,23,6,6,4,2,7,33,32,5,6,0,1,161,10.19,274,1,0.64,23,149
Nabil,24/09/2022,Finishing Drill,13.44,729,54.26,370,198,106,46,9,0,0.64,0.9,6.01,2,11,34,16,6,8,3,0,4,41,27,11,3,1,0,72,5.36,146,0,0.32,8,63
Nabil,24/09/2022,Possession Drill,21.56,1533,71.11,582,667,207,67,10,0,0.45,1.19,5.99,0,12,43,75,26,8,2,2,11,46,60,31,8,3,0,154,7.14,327,1,0.72,22,144
Nabil,24/09/2022,Shooting Drill,20.59,1418,68.89,699,499,164,56,1,0,0.03,1.15,5.6,0,23,61,75,34,14,9,0,17,66,86,27,8,8,1,175,8.49,283,0,0.84,20,174
Adel,24/09/2022,Finishing Drill,13.44,689,51.25,308,183,140,55,2,0,0.17,0.85,5.93,0,4,25,20,7,4,0,0,2,43,24,7,2,0,0,57,4.25,283,0,0.23,6,55
Bassel,24/09/2022,Finishing Drill,13.44,633,47.09,294,148,106,84,1,0,0.04,0.78,5.56,0,9,41,34,9,4,5,0,3,40,32,9,2,1,0,62,4.58,175,0,0.26,10,61
Bassel,24/09/2022,Shooting Drill,20.59,606,29.43,462,119,18,7,0,0,0,0.49,5.28,0,13,76,63,14,6,5,2,7,71,60,16,6,1,0,35,1.7,88,0,0.19,4,35
Jamal,24/09/2022,Shooting Drill,20.59,1008,48.97,691,229,59,22,7,0,0.32,0.82,6.34,1,6,70,41,20,2,4,0,5,72,52,13,5,0,0,80,3.89,113,0,0.38,11,74
Jamal,24/09/2022,Warm Up,15.82,934,59.04,289,442,84,66,37,14,3.28,0.98,7.58,3,8,32,25,8,6,1,1,8,43,26,10,6,0,2,126,7.99,255,1,0.47,15,74
Hassan,24/09/2022,Finishing Drill,13.44,736,54.79,240,171,138,117,70,0,5.23,0.91,6.96,3,4,18,24,10,4,0,0,8,34,18,4,7,0,1,153,11.4,212,1,0.54,11,83
Hassan,24/09/2022,Possession Drill,21.56,1641,76.12,532,517,298,230,60,5,3.03,1.27,7.24,7,22,43,50,26,15,7,0,18,37,50,24,9,5,4,342,15.88,495,2,1.35,40,277
Hassan,24/09/2022,Shooting Drill,20.59,1675,81.36,657,588,269,142,19,0,0.95,1.36,6.56,3,27,53,72,47,18,8,1,25,45,79,44,17,6,2,292,14.18,536,3,1.31,41,272
Hassan,24/09/2022,Warm Up,15.82,1059,66.93,309,370,128,172,59,22,5.12,1.12,7.76,6,20,31,25,14,15,5,0,13,35,41,9,7,1,5,247,15.61,482,5,0.93,28,166
Sami,24/09/2022,Crossing & Finishing,35.88,1679,46.81,825,387,207,217,41,2,1.2,0.78,7.38,4,22,65,57,22,14,7,1,12,66,50,27,4,6,2,267,7.44,392,1,1.02,30,224
Sami,24/09/2022,Finishing Drill,13.44,783,58.26,305,218,177,81,1,0,0.08,0.97,5.76,0,5,38,17,7,3,2,0,2,35,24,8,2,0,0,63,4.68,312,0,0.28,8,62
Sami,24/09/2022,Possession Drill,21.56,1618,75.05,661,512,268,151,25,2,1.24,1.25,7.28,2,23,43,49,21,14,8,1,19,46,53,21,14,5,0,236,10.96,576,1,0.98,28,210
Sami,24/09/2022,Warm Up,15.82,935,59.06,322,311,132,167,3,0,0.18,0.98,5.73,0,18,29,18,15,9,7,2,10,34,35,11,7,3,0,178,11.28,427,4,0.72,23,176
Imran,24/09/2022,Finishing Drill,13.44,610,45.36,365,138,52,38,17,0,1.26,0.76,6.34,2,5,45,23,8,4,1,0,0,39,32,7,0,0,0,62,4.64,143,1,0.25,6,45
Imran,24/09/2022,Possession Drill,21.56,1455,67.5,674,301,193,173,97,17,5.3,1.12,8.02,9,24,51,26,22,15,8,1,15,41,37,16,8,5,2,288,13.38,414,5,1.06,32,174
Imran,24/09/2022,Warm Up,15.82,1087,68.67,326,367,179,162,39,13,3.3,1.14,7.44,3,14,38,27,21,10,4,0,13,45,39,17,12,1,0,239,15.11,486,2,0.95,26,187
Majid,24/09/2022,Finishing Drill,13.44,991,73.74,400,260,124,163,43,1,3.28,1.23,7.01,3,9,38,32,12,8,1,0,5,40,41,7,4,1,0,151,11.23,397,0,0.58,13,107
Youssef,25/09/2022,Possession Drill,13.8,1170,84.8,340,461,200,102,64,3,4.86,1.41,7.19,2,11,33,51,19,8,3,0,13,39,48,21,9,3,1,198,14.32,507,1,0.78,21,131
Youssef,25/09/2022,Warm Up,14.28,907,63.55,349,439,108,11,0,0,0,1.06,5.12,0,9,78,50,11,5,3,1,2,73,57,14,1,0,1,41,2.89,450,0,0.2,6,41
Omar,25/09/2022,Warm Up,14.28,987,69.12,302,509,150,25,1,0,0.08,1.15,5.77,0,11,53,32,11,4,5,2,8,68,49,7,7,1,0,68,4.78,311,1,0.32,11,67
Khalid,25/09/2022,Warm Up,14.28,1033,72.33,371,508,122,31,1,0,0.04,1.21,5.58,0,13,41,43,11,12,1,0,10,58,55,10,4,6,0,81,5.64,429,1,0.38,14,80
Tariq,25/09/2022,Possession Drill,13.8,1187,86.03,443,389,158,120,58,19,5.57,1.43,7.52,3,18,38,32,22,9,8,1,11,35,45,17,8,3,0,235,17.03,212,3,0.89,21,158
Tariq,25/09/2022,Warm Up,14.28,952,66.69,324,421,152,37,18,0,1.29,1.11,6.93,2,8,37,15,7,6,1,1,2,51,14,7,1,1,0,67,4.72,181,1,0.28,9,49
Faisal,25/09/2022,Possession Drill,13.8,1013,73.4,404,352,120,59,76,1,5.54,1.22,7.04,3,5,28,47,9,2,2,1,7,36,33,16,5,2,0,152,10.99,334,2,0.56,11,75
Faisal,25/09/2022,Warm Up,14.28,909,63.64,320,473,108,8,0,0,0,1.06,4.63,0,4,48,31,8,3,1,0,1,49,46,3,1,0,0,39,2.72,427,0,0.2,6,39
Rami,25/09/2022,Warm Up,14.28,1081,75.71,407,497,118,56,3,0,0.2,1.26,6.21,1,16,59,33,14,8,7,1,17,51,41,12,12,3,2,114,7.95,401,1,0.51,16,111
Nabil,25/09/2022,Possession Drill,13.8,1091,79.09,421,364,142,112,52,0,3.74,1.32,6.95,3,18,37,37,25,15,1,2,6,36,40,30,4,2,0,209,15.13,248,0,0.85,26,157
Nabil,25/09/2022,Warm Up,14.28,843,59.01,357,451,29,5,0,0,0,0.98,4.79,0,7,51,31,9,3,4,0,3,62,42,14,3,0,0,35,2.47,161,0,0.18,7,35
Adel,25/09/2022,Possession Drill,13.8,1260,91.3,376,410,222,171,75,6,5.87,1.52,7.22,6,16,42,42,28,10,5,1,15,41,56,21,10,2,3,287,20.81,482,3,1.14,29,206
Adel,25/09/2022,Warm Up,14.28,968,67.77,314,435,155,60,2,0,0.16,1.13,5.71,0,6,43,25,10,5,1,0,3,56,31,7,3,0,0,60,4.17,360,0,0.27,11,57
Bassel,25/09/2022,Warm Up,14.28,966,67.65,257,467,177,63,2,0,0.12,1.13,5.82,0,14,49,46,14,5,7,2,8,38,59,14,6,2,0,99,6.94,295,2,0.45,13,97
Jamal,25/09/2022,Possession Drill,13.8,1223,88.65,447,422,221,62,50,21,5.14,1.48,7.79,3,12,39,43,20,5,5,2,12,33,52,16,7,5,0,181,13.14,447,1,0.71,21,110
Jamal,25/09/2022,Warm Up,14.28,977,68.4,321,486,129,28,12,0,0.87,1.14,6.48,1,13,41,29,8,8,5,0,7,35,49,9,7,0,0,73,5.09,454,0,0.32,11,60
Hassan,25/09/2022,Possession Drill,13.8,1176,85.2,386,383,197,123,81,5,6.24,1.42,7.2,5,15,35,50,22,12,1,2,16,26,46,24,9,5,2,246,17.86,435,1,0.95,25,160
Hassan,25/09/2022,Warm Up,14.28,912,63.86,279,493,107,30,2,0,0.16,1.06,5.66,0,5,47,28,9,2,3,0,2,32,43,8,0,1,1,62,4.37,369,1,0.28,10,60
Sami,25/09/2022,Possession Drill,13.8,1133,82.12,301,404,238,128,55,6,4.46,1.37,7.34,2,18,31,37,17,12,6,0,16,37,37,18,14,2,0,229,16.61,521,1,0.9,24,168
Imran,25/09/2022,Possession Drill,13.8,1077,78.07,408,285,149,146,88,1,6.41,1.3,7.1,5,22,29,35,14,16,5,1,11,29,44,19,6,5,0,255,18.47,295,2,0.97,27,166
Imran,25/09/2022,Warm Up,14.28,886,62.04,351,436,89,10,0,0,0,1.03,4.73,0,8,46,15,5,5,3,0,3,37,26,7,2,1,0,40,2.82,279,0,0.2,8,40
Anas,25/09/2022,Warm Up,14.28,992,69.5,355,483,123,31,0,0,0,1.16,5.29,0,14,37,32,13,4,8,2,8,59,33,14,7,1,0,73,5.09,343,1,0.34,14,73
Majid,25/09/2022,Warm Up,14.28,932,65.25,311,513,90,17,0,0,0,1.09,4.7,0,7,35,29,7,6,1,0,1,45,38,4,0,1,0,42,2.97,467,0,0.21,7,42
Youssef,28/09/2022,Possession Drill,26.8,2034,75.92,622,737,326,233,99,17,4.33,1.27,8.07,9,13,67,74,24,9,3,1,19,51,82,27,11,6,2,350,13.08,722,5,1.31,35,234
Youssef,28/09/2022,Set Pieces,12.35,596,48.3,390,83,33,62,28,0,2.28,0.8,6.58,4,8,21,19,8,4,4,0,8,30,17,6,2,3,3,92,7.41,128,4,0.34,11,63
Youssef,28/09/2022,Warm Up,15.43,833,53.97,350,259,49,74,95,5,6.51,0.9,7.31,4,9,60,43,7,5,4,0,7,61,38,7,4,1,2,147,9.55,334,2,0.5,9,47
Khalid,28/09/2022,Set Pieces,12.35,545,44.13,326,115,43,46,15,0,1.18,0.74,6.29,2,10,46,23,11,4,5,1,7,50,35,8,6,1,0,84,6.82,106,1,0.35,11,70
Khalid,28/09/2022,Warm Up,15.43,799,51.77,337,312,121,29,0,0,0,0.86,5.13,0,23,48,51,20,13,9,1,16,68,49,25,8,5,3,98,6.32,344,3,0.48,13,98
Faisal,28/09/2022,Crossing & Finishing,39.38,1975,50.16,1132,476,204,149,14,0,0.36,0.84,6.75,2,5,70,82,26,4,1,0,9,68,70,28,9,0,0,176,4.46,536,0,0.73,23,161
Faisal,28/09/2022,Possession Drill,26.8,1787,66.7,615,519,356,177,98,22,4.47,1.11,8.01,8,4,46,47,12,3,1,0,1,41,45,18,1,0,0,268,10.01,664,1,0.96,26,148
Faisal,28/09/2022,Warm Up,15.43,669,43.38,225,244,60,44,63,33,6.22,0.72,8.05,4,8,35,15,2,6,1,1,2,35,19,5,0,1,1,113,7.33,280,2,0.36,7,17
Rami,28/09/2022,Possession Drill,26.8,1919,71.61,537,668,414,238,50,12,2.32,1.19,7.81,5,14,52,60,39,12,2,0,13,65,59,29,7,6,0,328,12.23,502,1,1.35,40,266
Rami,28/09/2022,Set Pieces,12.35,489,39.65,347,66,31,33,13,0,1.02,0.66,6.27,2,14,43,24,3,10,4,0,7,52,23,7,2,2,3,69,5.58,187,2,0.29,7,56
Rami,28/09/2022,Warm Up,15.43,723,46.86,330,293,77,21,2,0,0.11,0.78,5.88,1,20,54,34,11,13,6,1,12,46,45,15,7,4,1,79,5.11,285,2,0.39,8,77
Adel,28/09/2022,Possession Drill,26.8,1965,73.34,810,584,249,221,97,4,3.77,1.22,7.26,7,19,69,46,21,10,8,1,22,55,58,15,13,4,5,299,11.15,688,3,1.12,31,198
Adel,28/09/2022,Set Pieces,12.35,471,38.17,322,98,31,17,3,0,0.27,0.64,5.8,0,7,24,22,4,6,0,1,3,40,15,6,2,1,0,39,3.2,107,0,0.18,5,36
Jamal,28/09/2022,Possession Drill,26.8,1992,74.33,748,495,325,294,115,15,4.86,1.24,7.47,13,15,59,35,30,12,1,2,17,39,48,21,12,4,1,407,15.18,678,4,1.48,41,277
Jamal,28/09/2022,Set Pieces,12.35,502,40.64,343,84,37,23,14,0,1.16,0.68,6.56,2,10,34,15,3,5,4,1,6,34,13,6,3,3,0,59,4.79,104,2,0.25,7,45
Hassan,28/09/2022,Set Pieces,12.35,555,44.97,286,147,70,31,21,0,1.68,0.75,6.26,2,7,29,27,18,4,1,2,7,30,32,17,6,0,1,82,6.64,226,0,0.36,9,61
Hassan,28/09/2022,Warm Up,15.43,840,54.46,329,247,65,116,60,23,5.37,0.91,8.25,4,15,44,33,10,9,4,2,9,47,32,12,4,2,3,154,9.99,505,5,0.55,12,71
Sami,28/09/2022,Set Pieces,12.35,455,36.86,283,101,41,29,1,0,0.05,0.61,5.61,0,9,28,22,3,4,5,0,7,28,23,3,5,2,0,46,3.69,127,1,0.21,7,45
Sami,28/09/2022,Warm Up,15.43,522,33.85,264,195,45,18,0,0,0,0.56,5.24,0,5,51,32,8,1,2,2,4,39,41,2,2,2,0,26,1.7,258,0,0.12,4,26
Imran,28/09/2022,Set Pieces,12.35,424,34.33,309,67,35,13,0,0,0,0.57,4.88,0,11,27,15,4,4,6,1,6,27,20,5,3,3,0,48,3.86,51,1,0.23,8,48
Imran,28/09/2022,Warm Up,15.43,556,36.02,289,220,41,6,0,0,0,0.6,5.05,0,4,58,38,8,4,0,0,4,67,38,6,4,0,0,19,1.23,163,0,0.1,3,19
Youssef,30/09/2022,Finishing Drill,10.16,504,49.6,263,213,23,5,0,0,0,0.83,4.48,0,2,42,38,6,1,1,0,2,43,37,15,2,0,0,20,2.02,192,0,0.1,3,20
Youssef,30/09/2022,Possession Drill,20.25,1049,51.79,546,345,81,76,0,0,0,0.86,5.41,0,12,47,68,23,10,2,0,20,43,60,26,11,4,5,139,6.85,383,0,0.62,16,139
Youssef,30/09/2022,Rondos,14.8,968,65.4,375,462,116,14,0,0,0,1.09,5.35,0,14,45,67,45,11,3,0,17,54,71,33,13,3,1,116,7.81,493,0,0.62,11,116
Faisal,30/09/2022,Finishing Drill,10.16,706,69.53,328,210,96,69,3,0,0.28,1.16,6.04,1,8,30,35,10,7,0,1,3,25,23,20,3,0,0,107,10.49,208,0,0.47,15,104
Faisal,30/09/2022,Possession Drill,20.25,1368,67.57,412,375,291,207,76,6,4.06,1.13,7.33,5,13,39,25,16,10,3,0,4,46,31,12,2,2,0,260,12.82,542,1,0.98,28,177
Faisal,30/09/2022,Rondos,14.8,709,47.93,375,283,42,10,0,0,0,0.8,5.32,0,8,53,60,14,7,1,0,4,51,63,20,3,1,0,51,3.48,219,0,0.28,7,51
Nabil,30/09/2022,Finishing Drill,10.16,512,50.43,288,184,31,10,0,0,0,0.84,5.2,0,2,35,26,12,2,0,0,2,38,27,11,2,0,0,32,3.17,91,0,0.16,4,32
Nabil,30/09/2022,Possession Drill,20.25,805,39.74,571,176,46,12,0,0,0,0.66,4.76,0,15,65,37,23,9,5,1,14,40,42,20,13,1,0,62,3.05,158,1,0.33,5,62
Nabil,30/09/2022,Rondos,14.8,924,62.45,404,377,124,20,0,0,0,1.04,4.91,0,21,43,63,40,14,5,2,16,52,64,42,14,2,0,133,8.97,226,2,0.7,15,133
Adel,30/09/2022,Finishing Drill,10.16,722,71.09,296,213,132,75,6,0,0.57,1.18,6.04,1,13,22,30,19,9,4,0,11,30,26,21,3,6,2,150,14.74,220,2,0.67,20,144
Adel,30/09/2022,Rondos,14.8,930,62.84,423,368,100,39,0,0,0,1.05,5.39,0,17,54,61,35,13,4,0,11,52,84,29,7,3,1,116,7.82,340,1,0.57,11,116
Hassan,30/09/2022,Finishing Drill,10.16,836,82.28,288,277,105,95,71,0,7,1.37,6.98,8,15,21,37,16,15,0,0,21,31,31,11,16,3,2,207,20.34,275,0,0.78,22,136
Hassan,30/09/2022,Rondos,14.8,814,55,334,323,115,43,0,0,0,0.92,4.96,0,16,41,60,31,12,4,0,22,32,54,29,13,8,1,142,9.63,266,2,0.7,24,142
Hassan,30/09/2022,Warm Up,9.42,752,79.81,278,265,69,92,48,0,5.1,1.33,6.61,6,9,25,24,3,3,4,2,6,31,22,6,5,1,0,129,13.72,220,1,0.46,14,81
Anas,30/09/2022,Finishing Drill,10.16,546,53.76,315,184,40,6,0,0,0,0.9,4.43,0,13,49,36,19,12,1,0,13,42,37,12,6,7,0,63,6.17,103,1,0.34,11,63
Anas,30/09/2022,Possession Drill,20.25,1021,50.4,480,466,58,16,0,0,0,0.84,5.16,0,9,59,87,21,7,2,0,6,69,81,25,4,2,0,66,3.26,259,0,0.34,9,66
Majid,30/09/2022,Possession Drill,20.25,409,20.18,195,128,41,18,14,13,1.31,0.34,7.65,1,1,15,4,4,1,0,0,1,8,7,3,1,0,0,42,2.09,66,0,0.14,2,16
Majid,30/09/2022,Rondos,14.8,943,63.73,337,386,180,40,0,0,0,1.06,4.93,0,28,35,46,36,22,6,0,23,44,57,32,20,3,0,179,12.07,443,0,0.9,24,179
