Player Name,Session Date,Drill Name,Session Time(mins),Total Distance,Metres Per Minute,Distance Zone 1,Distance Zone 2,Distance Zone 3,Distance Zone 4,Distance Zone 5,Distance Zone 6,HSR per min,Average Speed,Maximum Speed,Number of Sprints,Number of Accelerations,Accelerations Zone 1,Accelerations Zone 2,Accelerations Zone 3,Accelerations Zone 4,Accelerations Zone 5,Accelerations Zone 6,Number of Decelerations,Decelerations Zone 1,Decelerations Zone 2,Decelerations Zone 3,Decelerations Zone 4,Decelerations Zone 5,Decelerations Zone 6,HML Distance,HML Distance Per Minute,Average Step Impact Left (g),Average Step Impact Right (g),Step Balance,HML Efforts,Explosive Distance
Asensio,2022-09-10,Attack v Defence,16.03,1402.0,87.49,372.0,595.0,242.0,138.0,37.0,19.0,3.47,1.46,7.64,4,10,47,47,27,7,3,0,13,33,40,30,9,2,2,222.0,13.88,550.0,0.0,0.87,22.0,167
Camavinga,2022-09-10,Attack v Defence,16.03,1247.0,77.82,487.0,469.0,200.0,86.0,5.0,0.0,0.28,1.3,5.93,1,5,36,38,17,4,1,0,4,42,40,12,3,1,0,123.0,7.67,423.0,0.0,0.52,17.0,118
Marcelo,2022-09-10,Attack v Defence,16.03,1470.0,91.74,455.0,519.0,239.0,180.0,66.0,11.0,4.82,1.53,7.84,7,17,34,46,26,14,3,0,16,37,45,27,7,7,2,291.0,18.16,526.0,4.0,1.11,29.0,214
Casemiro,2022-09-10,Attack v Defence,16.03,1394.0,86.98,377.0,648.0,246.0,81.0,42.0,0.0,2.63,1.45,6.55,6,13,34,46,40,10,2,1,14,41,70,16,10,3,1,198.0,12.36,510.0,2.0,0.85,21.0,156
Vasquez,2022-09-10,Attack v Defence,16.03,1406.0,87.75,390.0,504.0,254.0,155.0,75.0,29.0,6.46,1.46,8.21,8,18,44,62,18,13,5,0,23,38,63,17,12,7,4,311.0,19.38,319.0,4.0,1.2,36.0,207
Carvajal,2022-09-10,Attack v Defence,16.03,1441.0,89.88,369.0,644.0,261.0,141.0,26.0,0.0,1.62,1.5,6.32,2,4,43,53,21,3,1,0,8,24,51,21,6,0,2,199.0,12.44,672.0,0.0,0.82,24.0,173
Vinicius Jr,2022-09-10,Attack v Defence,16.03,1394.0,86.97,383.0,666.0,278.0,66.0,1.0,0.0,0.07,1.45,5.59,0,9,24,63,30,9,0,0,6,35,62,14,6,0,0,140.0,8.74,344.0,0.0,0.67,18.0,139
Mendy,2022-09-10,Attack v Defence,16.03,1620.0,101.09,353.0,656.0,326.0,226.0,57.0,2.0,3.67,1.68,7.11,6,10,49,66,25,6,3,1,13,39,60,31,9,3,1,296.0,18.45,452.0,2.0,1.18,35.0,237
Alaba,2022-09-10,Attack v Defence,16.03,1432.0,89.36,324.0,801.0,228.0,56.0,23.0,0.0,1.46,1.49,6.65,3,11,41,58,19,10,1,0,12,36,53,28,9,2,1,138.0,8.62,633.0,2.0,0.61,17.0,115
Nacho,2022-09-10,Attack v Defence,16.03,1158.0,72.23,526.0,335.0,158.0,119.0,20.0,0.0,1.22,1.2,6.46,4,10,30,35,26,8,2,0,12,33,37,17,9,2,1,161.0,10.03,321.0,0.0,0.66,21.0,141
Benzema,2022-09-10,Attack v Defence,16.03,1450.0,90.5,449.0,474.0,285.0,199.0,43.0,0.0,2.68,1.51,6.71,5,17,39,31,21,14,3,0,20,23,46,18,16,3,1,293.0,18.3,637.0,2.0,1.16,35.0,250
Valverde,2022-09-01,Crossing & Finishing,29.45,1165.0,39.55,447.0,435.0,149.0,108.0,26.0,0.0,0.87,0.66,6.84,5,25,41,36,14,19,4,2,12,55,54,13,6,2,4,182.0,6.19,195.0,2.0,0.75,24.0,157
Vinicius Jr,2022-09-01,Crossing & Finishing,29.45,2052.0,69.66,577.0,680.0,561.0,231.0,3.0,0.0,0.1,1.16,5.7,0,14,39,67,38,9,5,0,6,57,68,23,5,1,0,182.0,6.17,768.0,0.0,0.86,26.0,179
Rodrygo,2022-09-01,Crossing & Finishing,29.45,1445.0,49.07,523.0,458.0,297.0,154.0,12.0,0.0,0.42,0.82,6.12,2,17,65,45,38,14,3,0,22,74,66,16,16,6,0,225.0,7.65,656.0,2.0,0.95,33.0,213
Mariano,2022-09-01,Crossing & Finishing,29.45,1395.0,47.36,666.0,461.0,152.0,104.0,11.0,0.0,0.39,0.79,6.04,1,14,54,52,28,11,3,0,6,70,56,22,6,0,0,173.0,5.88,231.0,1.0,0.74,22.0,162
Militao,2022-09-01,Crossing & Finishing,29.45,2014.0,68.38,637.0,809.0,443.0,123.0,1.0,0.0,0.04,1.14,5.64,0,14,49,54,37,10,4,0,8,75,53,25,8,0,0,135.0,4.6,645.0,0.0,0.66,17.0,134
Asensio,2022-09-11,Crossing & Finishing,29.46,1038.0,35.22,531.0,284.0,134.0,88.0,1.0,0.0,0.02,0.59,5.51,0,15,86,48,27,14,1,0,20,77,60,19,15,4,1,139.0,4.72,278.0,1.0,0.67,20.0,138
Militao,2022-09-11,Crossing & Finishing,28.6,1008.0,35.27,504.0,352.0,96.0,57.0,0.0,0.0,0.0,0.59,5.34,0,12,50,51,40,7,5,0,16,44,51,33,12,4,0,117.0,4.09,387.0,1.0,0.58,10.0,117
Camavinga,2022-09-15,Crossing & Finishing,30.4,1576.0,51.85,831.0,344.0,171.0,148.0,73.0,9.0,2.71,0.86,7.39,9,26,76,39,27,21,3,2,15,57,44,28,12,3,0,296.0,9.72,410.0,1.0,1.15,40.0,213
Vasquez,2022-09-15,Crossing & Finishing,30.4,1568.0,51.56,727.0,319.0,163.0,187.0,151.0,21.0,5.65,0.86,7.91,13,23,31,43,15,15,7,1,15,56,45,22,10,3,2,332.0,10.91,318.0,3.0,1.16,30.0,160
Ceballos,2022-09-15,Crossing & Finishing,4.61,141.0,30.56,76.0,41.0,11.0,12.0,0.0,0.0,0.0,0.51,5.38,0,0,11,12,5,0,0,0,3,14,8,0,2,0,1,15.0,3.34,67.0,0.0,0.06,2.0,15
Carvajal,2022-09-15,Crossing & Finishing,30.4,1370.0,45.05,630.0,379.0,174.0,167.0,19.0,0.0,0.64,0.75,6.08,3,13,39,40,26,12,1,0,4,42,39,31,3,1,0,200.0,6.57,358.0,0.0,0.8,21.0,180
Militao,2022-09-15,Crossing & Finishing,17.88,678.0,37.92,411.0,165.0,61.0,36.0,6.0,0.0,0.32,0.63,6.0,0,24,39,27,20,18,4,2,20,47,37,13,12,6,2,108.0,6.04,203.0,1.0,0.53,12.0,102
Nacho,2022-09-15,Crossing & Finishing,21.11,1105.0,52.33,538.0,314.0,113.0,119.0,21.0,0.0,1.01,0.87,6.59,3,19,53,43,17,11,6,2,13,65,46,16,8,3,2,177.0,8.37,435.0,3.0,0.73,20.0,155
Isco,2022-09-21,Crossing & Finishing,27.08,993.0,36.68,364.0,234.0,109.0,205.0,80.0,0.0,2.97,0.61,6.59,11,22,57,22,6,12,9,1,16,54,32,7,12,2,2,270.0,9.96,384.0,4.0,0.97,25.0,189
Modric,2022-09-21,Crossing & Finishing,27.08,683.0,25.22,489.0,96.0,55.0,39.0,5.0,0.0,0.17,0.42,6.04,1,13,44,18,14,10,2,1,14,47,22,10,6,7,1,87.0,3.22,156.0,1.0,0.39,14.0,83
Asensio,2022-09-21,Crossing & Finishing,27.08,966.0,35.67,377.0,184.0,120.0,235.0,49.0,0.0,1.82,0.59,6.86,4,26,51,28,8,18,7,1,13,60,33,16,8,4,1,287.0,10.62,260.0,1.0,1.1,28.0,238
Marcelo,2022-09-21,Crossing & Finishing,27.08,973.0,35.93,637.0,233.0,81.0,21.0,1.0,0.0,0.02,0.6,5.53,0,17,76,37,25,13,4,0,10,68,53,24,6,3,1,108.0,3.98,157.0,0.0,0.55,20.0,107
Kroos,2022-09-21,Crossing & Finishing,27.08,742.0,27.4,487.0,143.0,92.0,20.0,0.0,0.0,0.0,0.46,4.83,0,21,58,21,10,17,4,0,21,56,28,7,15,6,0,99.0,3.64,121.0,0.0,0.5,20.0,99
Benzema,2022-09-21,Crossing & Finishing,27.08,939.0,34.7,365.0,218.0,129.0,156.0,71.0,1.0,2.63,0.58,7.27,9,15,74,41,11,10,3,2,11,79,57,11,4,3,4,245.0,9.03,428.0,4.0,0.91,21.0,173
Modric,2022-09-24,Crossing & Finishing,35.88,1679.0,46.81,825.0,387.0,207.0,217.0,41.0,2.0,1.2,0.78,7.38,4,22,65,57,22,14,7,1,12,66,50,27,4,6,2,267.0,7.44,392.0,1.0,1.02,30.0,224
Camavinga,2022-09-24,Crossing & Finishing,35.88,1765.0,49.2,829.0,451.0,248.0,184.0,51.0,2.0,1.49,0.82,7.53,5,15,59,66,24,11,4,0,12,50,66,25,10,2,0,282.0,7.87,629.0,1.0,1.14,38.0,229
Carvajal,2022-09-24,Crossing & Finishing,35.88,1503.0,41.88,825.0,363.0,180.0,106.0,26.0,2.0,0.79,0.7,7.22,4,7,67,35,24,5,2,0,5,41,39,18,4,1,0,191.0,5.33,319.0,1.0,0.79,24.0,163
Carvajal,2022-09-28,Crossing & Finishing,39.38,1975.0,50.16,1132.0,476.0,204.0,149.0,14.0,0.0,0.36,0.84,6.75,2,5,70,82,26,4,1,0,9,68,70,28,9,0,0,176.0,4.46,536.0,0.0,0.73,23.0,161
Isco,2022-09-01,Crossing & Finishing,29.45,1227.0,41.66,596.0,366.0,147.0,103.0,15.0,0.0,0.5,0.69,6.48,2,16,51,56,20,13,2,1,15,74,63,13,11,3,1,177.0,6.02,441.0,3.0,0.76,22.0,163
Ceballos,2022-09-15,Entire Session,4.61,141.0,30.56,76.0,41.0,11.0,12.0,0.0,0.0,0.0,0.51,5.38,0,0,11,12,5,0,0,0,3,14,8,0,2,0,1,15.0,3.34,67.0,0.0,0.06,2.0,15
Isco,2022-09-24,Finishing Drill,13.44,689.0,51.25,308.0,183.0,140.0,55.0,2.0,0.0,0.17,0.85,5.93,0,4,25,20,7,4,0,0,2,43,24,7,2,0,0,57.0,4.25,283.0,0.0,0.23,6.0,55
Modric,2022-09-24,Finishing Drill,13.44,783.0,58.26,305.0,218.0,177.0,81.0,1.0,0.0,0.08,0.97,5.76,0,5,38,17,7,3,2,0,2,35,24,8,2,0,0,63.0,4.68,312.0,0.0,0.28,8.0,62
Camavinga,2022-09-24,Finishing Drill,13.44,549.0,40.88,397.0,110.0,25.0,17.0,1.0,0.0,0.04,0.68,5.72,0,4,38,16,6,3,1,0,1,36,21,8,1,0,0,33.0,2.46,69.0,0.0,0.15,4.0,32
Militao,2022-09-24,Finishing Drill,13.44,736.0,54.79,240.0,171.0,138.0,117.0,70.0,0.0,5.23,0.91,6.96,3,4,18,24,10,4,0,0,8,34,18,4,7,0,1,153.0,11.4,212.0,1.0,0.54,11.0,83
Vallejo,2022-09-24,Finishing Drill,13.44,991.0,73.74,400.0,260.0,124.0,163.0,43.0,1.0,3.28,1.23,7.01,3,9,38,32,12,8,1,0,5,40,41,7,4,1,0,151.0,11.23,397.0,0.0,0.58,13.0,107
Nacho,2022-09-24,Finishing Drill,13.44,610.0,45.36,365.0,138.0,52.0,38.0,17.0,0.0,1.26,0.76,6.34,2,5,45,23,8,4,1,0,0,39,32,7,0,0,0,62.0,4.64,143.0,1.0,0.25,6.0,45
Hazard,2022-09-24,Finishing Drill,13.44,729.0,54.26,370.0,198.0,106.0,46.0,9.0,0.0,0.64,0.9,6.01,2,11,34,16,6,8,3,0,4,41,27,11,3,1,0,72.0,5.36,146.0,0.0,0.32,8.0,63
Kroos,2022-09-24,Finishing Drill,13.44,633.0,47.09,294.0,148.0,106.0,84.0,1.0,0.0,0.04,0.78,5.56,0,9,41,34,9,4,5,0,3,40,32,9,2,1,0,62.0,4.58,175.0,0.0,0.26,10.0,61
Benzema,2022-09-24,Finishing Drill,13.44,591.0,43.99,294.0,145.0,82.0,62.0,9.0,0.0,0.64,0.73,6.06,2,8,42,31,13,8,0,0,3,40,47,9,3,0,0,81.0,6.01,145.0,0.0,0.33,11.0,72
Isco,2022-09-30,Finishing Drill,10.16,722.0,71.09,296.0,213.0,132.0,75.0,6.0,0.0,0.57,1.18,6.04,1,13,22,30,19,9,4,0,11,30,26,21,3,6,2,150.0,14.74,220.0,2.0,0.67,20.0,144
Tchouameni,2022-09-30,Finishing Drill,10.16,546.0,53.76,315.0,184.0,40.0,6.0,0.0,0.0,0.0,0.9,4.43,0,13,49,36,19,12,1,0,13,42,37,12,6,7,0,63.0,6.17,103.0,1.0,0.34,11.0,63
Carvajal,2022-09-30,Finishing Drill,10.16,706.0,69.53,328.0,210.0,96.0,69.0,3.0,0.0,0.28,1.16,6.04,1,8,30,35,10,7,0,1,3,25,23,20,3,0,0,107.0,10.49,208.0,0.0,0.47,15.0,104
Militao,2022-09-30,Finishing Drill,10.16,836.0,82.28,288.0,277.0,105.0,95.0,71.0,0.0,7.0,1.37,6.98,8,15,21,37,16,15,0,0,21,31,31,11,16,3,2,207.0,20.34,275.0,0.0,0.78,22.0,136
Alaba,2022-09-30,Finishing Drill,10.16,504.0,49.6,263.0,213.0,23.0,5.0,0.0,0.0,0.0,0.83,4.48,0,2,42,38,6,1,1,0,2,43,37,15,2,0,0,20.0,2.02,192.0,0.0,0.1,3.0,20
Hazard,2022-09-30,Finishing Drill,10.16,512.0,50.43,288.0,184.0,31.0,10.0,0.0,0.0,0.0,0.84,5.2,0,2,35,26,12,2,0,0,2,38,27,11,2,0,0,32.0,3.17,91.0,0.0,0.16,4.0,32
Modric,2022-09-14,Pass Move Score,5.96,584.0,97.88,167.0,247.0,90.0,65.0,15.0,0.0,2.54,1.63,6.59,2,9,16,16,6,8,1,0,7,14,16,9,4,1,2,103.0,17.23,190.0,1.0,0.41,14.0,88
Asensio,2022-09-14,Pass Move Score,5.96,421.0,70.57,222.0,115.0,33.0,41.0,9.0,0.0,1.47,1.18,6.31,1,4,22,11,5,4,0,0,4,14,15,5,1,2,1,59.0,9.82,75.0,1.0,0.23,8.0,50
Marcelo,2022-09-14,Pass Move Score,5.96,404.0,67.71,225.0,122.0,38.0,18.0,0.0,0.0,0.0,1.13,4.96,0,0,17,17,4,0,0,0,4,17,15,3,4,0,0,32.0,5.42,45.0,0.0,0.15,5.0,32
Casemiro,2022-09-14,Pass Move Score,5.96,493.0,82.62,194.0,176.0,68.0,43.0,12.0,0.0,2.08,1.38,6.5,2,8,11,14,13,6,1,1,9,12,23,3,6,1,2,89.0,14.91,137.0,0.0,0.38,9.0,77
Valverde,2022-09-14,Pass Move Score,5.96,529.0,88.75,219.0,145.0,64.0,76.0,25.0,1.0,4.32,1.48,7.05,3,10,10,10,8,7,3,0,10,10,13,3,7,1,2,108.0,18.13,97.0,1.0,0.41,13.0,82
Vasquez,2022-09-14,Pass Move Score,5.96,447.0,74.98,180.0,158.0,62.0,38.0,10.0,0.0,1.63,1.25,5.95,2,6,14,17,12,3,3,0,3,15,15,12,2,0,1,74.0,12.47,127.0,1.0,0.32,10.0,65
Carvajal,2022-09-14,Pass Move Score,5.96,556.0,93.22,199.0,140.0,71.0,92.0,53.0,0.0,8.9,1.55,6.95,4,5,14,13,6,5,0,0,3,7,13,9,2,1,0,121.0,20.23,149.0,0.0,0.43,12.0,68
Militao,2022-09-14,Pass Move Score,5.96,479.0,80.34,194.0,169.0,63.0,52.0,1.0,0.0,0.19,1.34,5.58,0,8,11,24,10,5,3,0,9,11,20,7,7,2,0,86.0,14.34,113.0,1.0,0.37,13.0,84
Alaba,2022-09-14,Pass Move Score,5.96,559.0,93.71,187.0,241.0,64.0,55.0,11.0,0.0,1.86,1.56,6.22,1,5,19,14,7,4,1,0,7,12,21,5,4,1,2,76.0,12.7,214.0,1.0,0.29,9.0,65
Vallejo,2022-09-14,Pass Move Score,5.96,601.0,100.81,160.0,192.0,121.0,70.0,38.0,20.0,9.76,1.68,8.1,4,5,14,13,13,2,3,0,9,6,15,7,7,2,0,130.0,21.73,361.0,1.0,0.47,13.0,71
Hazard,2022-09-14,Pass Move Score,5.96,510.0,85.53,194.0,192.0,75.0,37.0,12.0,0.0,2.05,1.43,6.84,1,5,14,14,13,4,1,0,6,15,19,8,3,1,2,79.0,13.28,164.0,0.0,0.34,9.0,67
Isco,2022-09-07,Passing Drill,15.31,1196.0,78.15,407.0,371.0,144.0,211.0,63.0,0.0,4.1,1.3,6.73,7,13,36,23,17,10,3,0,17,33,34,10,6,7,4,271.0,17.71,535.0,4.0,1.03,28.0,208
Modric,2022-09-07,Passing Drill,15.31,993.0,64.86,421.0,310.0,110.0,87.0,64.0,0.0,4.2,1.08,6.86,5,5,40,22,19,3,1,1,6,32,26,17,5,1,0,169.0,11.02,312.0,0.0,0.63,20.0,104
Asensio,2022-09-07,Passing Drill,15.31,1106.0,72.23,382.0,394.0,175.0,125.0,30.0,0.0,1.98,1.2,6.24,3,9,58,47,34,7,2,0,27,56,29,21,16,8,3,206.0,13.48,219.0,1.0,0.83,27.0,176
Camavinga,2022-09-07,Passing Drill,15.31,1196.0,78.14,277.0,396.0,199.0,196.0,109.0,20.0,8.41,1.3,7.94,8,15,40,32,17,14,1,0,7,40,28,18,5,2,0,300.0,19.58,613.0,1.0,1.06,32.0,171
Vasquez,2022-09-07,Passing Drill,15.31,1129.0,73.73,508.0,299.0,118.0,147.0,57.0,0.0,3.71,1.23,6.83,5,11,42,30,30,8,3,0,23,37,33,13,10,8,5,239.0,15.59,254.0,3.0,0.91,28.0,182
Carvajal,2022-09-07,Passing Drill,15.31,977.0,63.82,403.0,208.0,149.0,152.0,66.0,0.0,4.3,1.06,6.65,7,3,15,26,13,3,0,0,2,21,25,10,2,0,0,206.0,13.46,301.0,0.0,0.76,22.0,140
Militao,2022-09-07,Passing Drill,15.31,1058.0,69.11,319.0,255.0,166.0,170.0,146.0,2.0,9.66,1.15,7.13,12,23,18,22,18,18,5,0,16,25,25,14,11,3,2,327.0,21.38,332.0,4.0,1.18,33.0,180
Alaba,2022-09-07,Passing Drill,15.31,1185.0,77.38,380.0,370.0,200.0,154.0,63.0,16.0,5.19,1.29,8.26,5,15,61,43,28,9,6,0,27,58,33,23,14,8,5,287.0,18.73,422.0,5.0,1.14,31.0,207
Nacho,2022-09-07,Passing Drill,15.31,1146.0,74.85,492.0,363.0,132.0,104.0,52.0,4.0,3.61,1.25,7.35,5,16,40,27,20,12,3,1,10,39,42,16,6,3,1,182.0,11.91,338.0,2.0,0.7,19.0,127
Hazard,2022-09-07,Passing Drill,15.31,1020.0,66.6,418.0,319.0,138.0,127.0,18.0,0.0,1.2,1.11,6.54,2,17,27,38,25,10,7,0,24,33,34,12,14,6,4,188.0,12.31,227.0,1.0,0.78,28.0,170
Benzema,2022-09-07,Passing Drill,15.31,1178.0,76.94,325.0,288.0,201.0,273.0,90.0,1.0,5.91,1.28,7.09,7,15,31,31,25,12,3,0,14,42,38,22,13,1,0,347.0,22.65,556.0,1.0,1.3,37.0,256
Asensio,2022-09-21,Passing Drill,12.44,1525.0,122.6,304.0,544.0,360.0,261.0,55.0,0.0,4.45,2.04,6.86,5,16,25,42,20,13,3,0,11,36,42,17,6,2,3,288.0,23.15,453.0,2.0,1.13,38.0,233
Casemiro,2022-09-21,Passing Drill,12.44,1284.0,103.27,349.0,571.0,191.0,102.0,47.0,24.0,5.73,1.72,8.22,4,8,35,50,20,7,1,0,10,20,54,19,4,4,2,198.0,15.89,474.0,2.0,0.75,20.0,126
Valverde,2022-09-21,Passing Drill,12.44,1369.0,110.07,321.0,526.0,304.0,170.0,49.0,0.0,3.92,1.83,6.74,5,6,26,31,11,5,1,0,2,25,37,15,2,0,0,192.0,15.45,300.0,0.0,0.74,24.0,143
Nacho,2022-09-21,Passing Drill,12.44,1279.0,102.84,425.0,440.0,177.0,129.0,79.0,29.0,8.72,1.71,7.74,6,11,25,29,12,9,2,0,12,20,24,12,6,4,2,220.0,17.69,326.0,2.0,0.77,24.0,112
Isco,2022-09-14,Possession 8v8,12.32,1097.0,89.07,452.0,309.0,165.0,137.0,35.0,0.0,2.84,1.48,6.96,3,24,38,28,14,16,6,2,16,29,31,22,8,7,1,219.0,17.75,395.0,0.0,0.87,31.0,184
Modric,2022-09-14,Possession 8v8,12.32,984.0,79.91,418.0,347.0,112.0,79.0,21.0,7.0,2.32,1.33,7.56,2,20,45,57,14,15,4,1,21,44,48,13,13,7,1,156.0,12.7,401.0,2.0,0.68,19.0,128
Asensio,2022-09-14,Possession 8v8,12.32,714.0,57.97,402.0,230.0,55.0,27.0,0.0,0.0,0.0,0.97,5.33,0,13,47,55,10,11,2,0,11,40,47,20,7,3,1,70.0,5.68,170.0,0.0,0.33,11.0,70
Marcelo,2022-09-14,Possession 8v8,12.32,676.0,54.89,511.0,122.0,33.0,10.0,0.0,0.0,0.0,0.91,5.11,0,10,51,27,8,9,1,0,3,35,46,9,2,1,0,45.0,3.61,69.0,0.0,0.23,5.0,45
Valverde,2022-09-14,Possession 8v8,12.32,916.0,74.35,407.0,282.0,125.0,80.0,22.0,0.0,1.75,1.24,6.47,3,17,39,31,28,10,6,1,16,24,43,25,8,6,2,167.0,13.57,193.0,4.0,0.72,24.0,146
Vasquez,2022-09-14,Possession 8v8,12.32,722.0,58.64,448.0,205.0,46.0,22.0,1.0,0.0,0.05,0.98,5.88,0,7,43,48,17,4,3,0,11,41,41,15,5,5,1,70.0,5.72,131.0,1.0,0.34,8.0,70
Carvajal,2022-09-14,Possession 8v8,12.32,818.0,66.39,390.0,284.0,69.0,72.0,3.0,0.0,0.23,1.11,5.76,0,11,28,39,12,8,2,1,0,27,39,21,0,0,0,97.0,7.84,217.0,0.0,0.42,13.0,94
Militao,2022-09-14,Possession 8v8,12.32,759.0,61.62,459.0,184.0,75.0,41.0,0.0,0.0,0.0,1.03,5.41,0,13,54,36,13,9,3,1,15,43,30,17,10,5,0,90.0,7.31,172.0,1.0,0.42,12.0,90
Alaba,2022-09-14,Possession 8v8,12.32,868.0,70.43,437.0,349.0,56.0,22.0,3.0,0.0,0.28,1.17,6.03,1,6,46,60,18,4,1,1,12,50,53,17,9,2,1,64.0,5.21,401.0,1.0,0.31,7.0,61
Nacho,2022-09-14,Possession 8v8,12.32,965.0,78.31,410.0,287.0,140.0,103.0,24.0,0.0,1.95,1.31,6.09,2,24,35,35,16,15,9,0,20,23,38,20,11,5,4,207.0,16.83,210.0,3.0,0.87,26.0,183
Hazard,2022-09-14,Possession 8v8,12.32,762.0,61.84,442.0,219.0,63.0,33.0,5.0,0.0,0.37,1.03,5.99,1,8,50,45,24,5,2,1,10,34,43,17,5,4,1,87.0,7.08,183.0,1.0,0.4,8.0,83
Kroos,2022-09-14,Possession 8v8,12.32,993.0,80.63,345.0,387.0,157.0,87.0,17.0,0.0,1.37,1.34,6.62,2,23,31,40,47,15,6,2,23,26,56,30,15,6,2,194.0,15.74,470.0,5.0,0.88,19.0,177
Benzema,2022-09-14,Possession 8v8,12.32,1061.0,86.13,441.0,344.0,162.0,98.0,17.0,0.0,1.34,1.44,6.36,2,26,33,28,25,20,6,0,15,33,44,23,7,7,1,196.0,15.95,340.0,3.0,0.87,25.0,180
Modric,2022-09-04,Possession Drill,34.42,1301.0,37.81,635.0,433.0,153.0,67.0,13.0,0.0,0.39,0.63,6.14,2,5,76,47,26,1,4,0,10,64,54,14,6,3,1,130.0,3.78,495.0,1.0,0.57,15.0,117
Carvajal,2022-09-04,Possession Drill,34.42,1684.0,48.93,717.0,561.0,215.0,179.0,13.0,0.0,0.38,0.82,5.99,2,9,75,66,19,8,1,0,12,59,62,17,10,2,0,220.0,6.39,731.0,0.0,0.88,26.0,207
Vinicius Jr,2022-09-04,Possession Drill,34.42,1358.0,39.45,613.0,484.0,201.0,58.0,2.0,0.0,0.05,0.66,5.76,0,8,54,66,37,7,1,0,5,43,77,20,4,1,0,171.0,4.98,326.0,0.0,0.82,24.0,170
Militao,2022-09-04,Possession Drill,34.42,1358.0,39.45,609.0,453.0,204.0,79.0,12.0,1.0,0.38,0.66,7.07,1,16,54,41,43,14,2,0,18,46,58,21,13,4,1,195.0,5.66,446.0,0.0,0.88,28.0,182
Hazard,2022-09-04,Possession Drill,34.42,1351.0,39.25,882.0,333.0,103.0,33.0,0.0,0.0,0.0,0.65,5.15,0,13,89,60,23,12,1,0,9,71,63,18,5,2,2,89.0,2.57,361.0,0.0,0.44,15.0,89
Camavinga,2022-09-11,Possession Drill,17.32,1407.0,81.25,569.0,436.0,190.0,141.0,62.0,9.0,4.1,1.35,7.46,3,18,33,45,31,13,4,1,18,37,53,22,17,0,1,278.0,16.07,416.0,1.0,1.11,31.0,207
Marcelo,2022-09-11,Possession Drill,17.32,1359.0,78.45,592.0,418.0,172.0,99.0,77.0,1.0,4.53,1.31,7.06,6,25,56,39,31,18,5,2,18,49,65,24,10,4,4,254.0,14.66,533.0,3.0,1.04,29.0,175
Vasquez,2022-09-11,Possession Drill,17.32,1323.0,76.39,416.0,434.0,237.0,165.0,53.0,18.0,4.12,1.27,7.99,2,34,39,51,35,24,8,2,30,41,65,23,22,5,3,330.0,19.04,454.0,4.0,1.38,38.0,258
Carvajal,2022-09-11,Possession Drill,17.32,1227.0,70.84,465.0,461.0,184.0,57.0,59.0,0.0,3.43,1.18,6.74,3,10,45,54,20,7,2,1,4,45,56,24,3,1,0,179.0,10.33,392.0,1.0,0.76,25.0,120
Alaba,2022-09-11,Possession Drill,17.32,1331.0,76.82,578.0,488.0,118.0,79.0,68.0,1.0,3.99,1.28,7.07,3,10,61,57,20,7,2,1,10,44,67,24,9,1,0,164.0,9.45,490.0,1.0,0.65,14.0,95
Vallejo,2022-09-11,Possession Drill,17.32,1451.0,83.74,451.0,447.0,296.0,166.0,66.0,25.0,5.26,1.4,7.84,6,34,40,40,34,23,9,2,27,32,45,37,15,8,4,366.0,21.15,760.0,4.0,1.48,39.0,275
Nacho,2022-09-11,Possession Drill,17.32,1366.0,78.86,569.0,411.0,209.0,127.0,51.0,0.0,2.95,1.31,6.73,2,29,50,42,28,21,6,2,14,47,55,34,11,2,1,242.0,13.94,344.0,3.0,1.05,32.0,190
Isco,2022-09-18,Possession Drill,15.8,1403.0,88.81,547.0,483.0,230.0,133.0,9.0,0.0,0.59,1.48,6.27,1,26,44,39,33,21,5,0,16,41,58,39,13,2,1,252.0,15.94,734.0,1.0,1.11,34.0,243
Modric,2022-09-18,Possession Drill,15.8,1259.0,79.66,467.0,524.0,195.0,68.0,5.0,0.0,0.29,1.33,5.93,1,18,42,54,28,12,5,1,20,26,55,31,16,3,1,186.0,11.77,662.0,2.0,0.86,28.0,181
Camavinga,2022-09-18,Possession Drill,15.8,1326.0,83.92,455.0,529.0,220.0,121.0,2.0,0.0,0.11,1.4,5.86,1,15,38,52,35,12,3,0,14,32,67,25,7,7,0,231.0,14.62,352.0,0.0,1.04,29.0,229
Marcelo,2022-09-18,Possession Drill,15.8,1325.0,83.89,525.0,513.0,198.0,82.0,8.0,0.0,0.51,1.4,6.33,1,16,42,49,35,13,3,0,14,40,70,20,9,4,1,189.0,11.98,387.0,2.0,0.87,24.0,181
Carvajal,2022-09-18,Possession Drill,15.8,1072.0,67.86,432.0,412.0,187.0,42.0,0.0,0.0,0.0,1.13,5.34,0,6,53,41,23,4,2,0,5,37,54,20,4,1,0,116.0,7.35,243.0,0.0,0.55,18.0,116
Militao,2022-09-18,Possession Drill,15.8,1143.0,72.33,515.0,386.0,157.0,71.0,14.0,0.0,0.86,1.21,6.86,1,29,46,50,22,21,8,0,21,40,60,23,13,6,2,185.0,11.7,366.0,2.0,0.83,25.0,171
Alaba,2022-09-18,Possession Drill,15.8,1104.0,69.88,491.0,436.0,109.0,65.0,3.0,0.0,0.22,1.16,6.06,1,6,55,59,24,5,1,0,18,45,57,18,14,4,0,134.0,8.49,253.0,1.0,0.59,18.0,131
Vallejo,2022-09-18,Possession Drill,15.8,1282.0,81.13,484.0,423.0,222.0,140.0,11.0,0.0,0.72,1.35,6.05,1,22,39,54,27,14,6,2,27,31,44,28,16,7,4,256.0,16.21,439.0,4.0,1.13,35.0,245
Nacho,2022-09-18,Possession Drill,15.8,1238.0,78.34,524.0,357.0,257.0,89.0,12.0,0.0,0.74,1.31,6.35,2,25,35,45,31,21,4,0,16,36,57,25,8,6,2,189.0,11.94,400.0,2.0,0.88,22.0,177
Hazard,2022-09-18,Possession Drill,15.8,1206.0,76.3,512.0,446.0,177.0,64.0,6.0,0.0,0.4,1.27,6.2,1,26,45,50,23,19,7,0,20,40,64,22,12,6,2,171.0,10.84,411.0,2.0,0.81,21.0,165
Benzema,2022-09-18,Possession Drill,15.8,1388.0,87.82,488.0,489.0,292.0,119.0,0.0,0.0,0.0,1.46,5.49,0,19,44,49,37,12,7,0,17,45,63,26,16,1,0,214.0,13.54,665.0,1.0,0.97,29.0,214
Isco,2022-09-23,Possession Drill,11.74,1263.0,107.52,301.0,486.0,237.0,179.0,57.0,1.0,4.99,1.79,7.04,5,14,35,48,22,9,4,1,18,26,47,20,10,5,3,253.0,21.58,510.0,3.0,0.98,26.0,195
Modric,2022-09-23,Possession Drill,11.74,1242.0,105.77,275.0,541.0,283.0,137.0,6.0,0.0,0.53,1.76,6.02,2,11,40,45,20,8,2,1,15,18,43,28,12,3,0,189.0,16.09,559.0,0.0,0.8,24.0,183
Camavinga,2022-09-23,Possession Drill,11.74,1296.0,110.38,303.0,481.0,270.0,198.0,44.0,0.0,3.73,1.84,6.68,7,13,25,36,27,10,1,2,11,20,43,20,9,1,1,283.0,24.1,306.0,2.0,1.15,39.0,239
Marcelo,2022-09-23,Possession Drill,11.74,1134.0,96.56,367.0,400.0,227.0,107.0,33.0,1.0,2.83,1.61,7.03,4,14,23,45,19,11,3,0,11,32,36,23,6,4,1,198.0,16.86,337.0,1.0,0.83,29.0,165
Casemiro,2022-09-23,Possession Drill,11.74,1025.0,87.3,366.0,399.0,157.0,95.0,9.0,0.0,0.73,1.46,6.24,2,15,30,44,28,13,2,0,16,43,47,18,9,4,3,174.0,14.8,336.0,2.0,0.77,24.0,165
Valverde,2022-09-23,Possession Drill,11.74,1185.0,100.89,338.0,431.0,242.0,145.0,28.0,0.0,2.41,1.68,6.61,3,15,27,48,24,11,4,0,17,32,49,20,9,5,3,233.0,19.84,278.0,3.0,0.98,35.0,205
Tchouameni,2022-09-23,Possession Drill,11.74,1188.0,101.2,310.0,500.0,246.0,122.0,10.0,0.0,0.83,1.69,6.24,1,15,31,43,37,11,3,1,16,31,55,26,12,4,0,203.0,17.33,340.0,0.0,0.9,28.0,194
Carvajal,2022-09-23,Possession Drill,11.74,1205.0,102.61,278.0,463.0,284.0,175.0,5.0,0.0,0.39,1.71,5.8,1,5,24,41,20,3,2,0,4,22,45,17,3,1,0,176.0,15.02,421.0,0.0,0.76,29.0,172
Militao,2022-09-23,Possession Drill,11.74,1249.0,106.32,300.0,443.0,257.0,199.0,50.0,0.0,4.23,1.77,6.53,6,18,15,58,24,14,2,2,16,19,46,29,7,4,5,301.0,25.64,527.0,3.0,1.21,38.0,251
Alaba,2022-09-23,Possession Drill,11.74,1165.0,99.18,310.0,524.0,208.0,107.0,15.0,0.0,1.31,1.65,6.75,2,9,34,40,19,6,2,1,12,19,41,22,8,3,1,178.0,15.16,261.0,0.0,0.76,24.0,163
Nacho,2022-09-23,Possession Drill,11.74,1122.0,95.55,380.0,344.0,205.0,179.0,14.0,0.0,1.21,1.59,5.88,3,20,35,30,24,10,9,1,15,21,39,21,10,4,1,232.0,19.76,349.0,1.0,0.96,33.0,218
Hazard,2022-09-23,Possession Drill,11.74,1161.0,98.9,333.0,348.0,253.0,202.0,26.0,0.0,2.21,1.65,6.68,4,19,26,34,14,13,5,1,18,35,31,20,11,5,2,246.0,20.97,403.0,2.0,1.01,31.0,220
Benzema,2022-09-23,Possession Drill,11.74,1366.0,116.3,279.0,489.0,370.0,208.0,20.0,0.0,1.71,1.94,6.28,4,18,26,52,22,15,3,0,16,17,52,36,10,4,2,287.0,24.41,312.0,2.0,1.19,40.0,267
Modric,2022-09-24,Possession Drill,21.56,1618.0,75.05,661.0,512.0,268.0,151.0,25.0,2.0,1.24,1.25,7.28,2,23,43,49,21,14,8,1,19,46,53,21,14,5,0,236.0,10.96,576.0,1.0,0.98,28.0,210
Asensio,2022-09-24,Possession Drill,21.56,1614.0,74.85,560.0,602.0,295.0,134.0,23.0,0.0,1.04,1.25,6.55,4,19,43,65,27,18,1,0,24,55,69,18,20,3,1,222.0,10.3,532.0,1.0,0.96,32.0,199
Camavinga,2022-09-24,Possession Drill,21.56,1529.0,70.92,622.0,588.0,170.0,126.0,23.0,0.0,1.09,1.18,6.7,3,13,38,49,27,11,2,0,11,33,51,21,9,2,0,201.0,9.31,457.0,0.0,0.84,23.0,177
Carvajal,2022-09-24,Possession Drill,21.56,1480.0,68.67,632.0,527.0,200.0,104.0,16.0,1.0,0.78,1.14,7.03,2,7,38,47,17,7,0,0,1,45,52,20,1,0,0,138.0,6.38,421.0,0.0,0.59,14.0,121
Militao,2022-09-24,Possession Drill,21.56,1641.0,76.12,532.0,517.0,298.0,230.0,60.0,5.0,3.03,1.27,7.24,7,22,43,50,26,15,7,0,18,37,50,24,9,5,4,342.0,15.88,495.0,2.0,1.35,40.0,277
Alaba,2022-09-24,Possession Drill,21.56,1657.0,76.86,558.0,761.0,261.0,43.0,14.0,19.0,1.55,1.28,7.97,1,12,62,76,27,9,3,0,16,51,81,26,14,2,0,173.0,8.03,620.0,1.0,0.79,25.0,140
Nacho,2022-09-24,Possession Drill,21.56,1455.0,67.5,674.0,301.0,193.0,173.0,97.0,17.0,5.3,1.12,8.02,9,24,51,26,22,15,8,1,15,41,37,16,8,5,2,288.0,13.38,414.0,5.0,1.06,32.0,174
Hazard,2022-09-24,Possession Drill,21.56,1533.0,71.11,582.0,667.0,207.0,67.0,10.0,0.0,0.45,1.19,5.99,0,12,43,75,26,8,2,2,11,46,60,31,8,3,0,154.0,7.14,327.0,1.0,0.72,22.0,144
Isco,2022-09-25,Possession Drill,13.8,1260.0,91.3,376.0,410.0,222.0,171.0,75.0,6.0,5.87,1.52,7.22,6,16,42,42,28,10,5,1,15,41,56,21,10,2,3,287.0,20.81,482.0,3.0,1.14,29.0,206
Modric,2022-09-25,Possession Drill,13.8,1133.0,82.12,301.0,404.0,238.0,128.0,55.0,6.0,4.46,1.37,7.34,2,18,31,37,17,12,6,0,16,37,37,18,14,2,0,229.0,16.61,521.0,1.0,0.9,24.0,168
Camavinga,2022-09-25,Possession Drill,13.8,1187.0,86.03,443.0,389.0,158.0,120.0,58.0,19.0,5.57,1.43,7.52,3,18,38,32,22,9,8,1,11,35,45,17,8,3,0,235.0,17.03,212.0,3.0,0.89,21.0,158
Marcelo,2022-09-25,Possession Drill,13.8,1223.0,88.65,447.0,422.0,221.0,62.0,50.0,21.0,5.14,1.48,7.79,3,12,39,43,20,5,5,2,12,33,52,16,7,5,0,181.0,13.14,447.0,1.0,0.71,21.0,110
Carvajal,2022-09-25,Possession Drill,13.8,1013.0,73.4,404.0,352.0,120.0,59.0,76.0,1.0,5.54,1.22,7.04,3,5,28,47,9,2,2,1,7,36,33,16,5,2,0,152.0,10.99,334.0,2.0,0.56,11.0,75
Militao,2022-09-25,Possession Drill,13.8,1176.0,85.2,386.0,383.0,197.0,123.0,81.0,5.0,6.24,1.42,7.2,5,15,35,50,22,12,1,2,16,26,46,24,9,5,2,246.0,17.86,435.0,1.0,0.95,25.0,160
Alaba,2022-09-25,Possession Drill,13.8,1170.0,84.8,340.0,461.0,200.0,102.0,64.0,3.0,4.86,1.41,7.19,2,11,33,51,19,8,3,0,13,39,48,21,9,3,1,198.0,14.32,507.0,1.0,0.78,21.0,131
Nacho,2022-09-25,Possession Drill,13.8,1077.0,78.07,408.0,285.0,149.0,146.0,88.0,1.0,6.41,1.3,7.1,5,22,29,35,14,16,5,1,11,29,44,19,6,5,0,255.0,18.47,295.0,2.0,0.97,27.0,166
Hazard,2022-09-25,Possession Drill,13.8,1091.0,79.09,421.0,364.0,142.0,112.0,52.0,0.0,3.74,1.32,6.95,3,18,37,37,25,15,1,2,6,36,40,30,4,2,0,209.0,15.13,248.0,0.0,0.85,26.0,157
Isco,2022-09-28,Possession Drill,26.8,1965.0,73.34,810.0,584.0,249.0,221.0,97.0,4.0,3.77,1.22,7.26,7,19,69,46,21,10,8,1,22,55,58,15,13,4,5,299.0,11.15,688.0,3.0,1.12,31.0,198
Marcelo,2022-09-28,Possession Drill,26.8,1992.0,74.33,748.0,495.0,325.0,294.0,115.0,15.0,4.86,1.24,7.47,13,15,59,35,30,12,1,2,17,39,48,21,12,4,1,407.0,15.18,678.0,4.0,1.48,41.0,277
Casemiro,2022-09-28,Possession Drill,26.8,1919.0,71.61,537.0,668.0,414.0,238.0,50.0,12.0,2.32,1.19,7.81,5,14,52,60,39,12,2,0,13,65,59,29,7,6,0,328.0,12.23,502.0,1.0,1.35,40.0,266
Carvajal,2022-09-28,Possession Drill,26.8,1787.0,66.7,615.0,519.0,356.0,177.0,98.0,22.0,4.47,1.11,8.01,8,4,46,47,12,3,1,0,1,41,45,18,1,0,0,268.0,10.01,664.0,1.0,0.96,26.0,148
Alaba,2022-09-28,Possession Drill,26.8,2034.0,75.92,622.0,737.0,326.0,233.0,99.0,17.0,4.33,1.27,8.07,9,13,67,74,24,9,3,1,19,51,82,27,11,6,2,350.0,13.08,722.0,5.0,1.31,35.0,234
Tchouameni,2022-09-30,Possession Drill,20.25,1021.0,50.4,480.0,466.0,58.0,16.0,0.0,0.0,0.0,0.84,5.16,0,9,59,87,21,7,2,0,6,69,81,25,4,2,0,66.0,3.26,259.0,0.0,0.34,9.0,66
Carvajal,2022-09-30,Possession Drill,20.25,1368.0,67.57,412.0,375.0,291.0,207.0,76.0,6.0,4.06,1.13,7.33,5,13,39,25,16,10,3,0,4,46,31,12,2,2,0,260.0,12.82,542.0,1.0,0.98,28.0,177
Alaba,2022-09-30,Possession Drill,20.25,1049.0,51.79,546.0,345.0,81.0,76.0,0.0,0.0,0.0,0.86,5.41,0,12,47,68,23,10,2,0,20,43,60,26,11,4,5,139.0,6.85,383.0,0.0,0.62,16.0,139
Vallejo,2022-09-30,Possession Drill,20.25,409.0,20.18,195.0,128.0,41.0,18.0,14.0,13.0,1.31,0.34,7.65,1,1,15,4,4,1,0,0,1,8,7,3,1,0,0,42.0,2.09,66.0,0.0,0.14,2.0,16
Hazard,2022-09-30,Possession Drill,20.25,805.0,39.74,571.0,176.0,46.0,12.0,0.0,0.0,0.0,0.66,4.76,0,15,65,37,23,9,5,1,14,40,42,20,13,1,0,62.0,3.05,158.0,1.0,0.33,5.0,62
Isco,2022-09-15,Pressing Drill,12.97,1341.0,103.45,397.0,354.0,224.0,283.0,84.0,0.0,6.45,1.72,6.91,10,18,29,31,25,12,6,0,18,35,36,21,10,5,3,337.0,26.01,542.0,4.0,1.26,37.0,254
Asensio,2022-09-15,Pressing Drill,12.97,1319.0,101.74,407.0,332.0,235.0,282.0,60.0,3.0,4.84,1.7,7.27,6,21,30,44,25,12,9,0,26,27,30,29,21,5,0,330.0,25.49,456.0,2.0,1.28,36.0,268
Camavinga,2022-09-15,Pressing Drill,12.97,1596.0,123.09,387.0,483.0,336.0,309.0,80.0,1.0,6.25,2.05,7.15,6,3,30,55,9,3,0,0,10,26,27,25,7,3,0,350.0,27.02,572.0,1.0,1.29,37.0,269
Marcelo,2022-09-15,Pressing Drill,12.97,1240.0,95.65,471.0,327.0,218.0,174.0,37.0,14.0,3.92,1.59,8.05,5,18,21,29,27,14,3,1,15,34,43,15,9,4,2,266.0,20.5,421.0,3.0,1.05,28.0,215
Valverde,2022-09-15,Pressing Drill,12.97,1218.0,93.92,331.0,317.0,263.0,270.0,37.0,0.0,2.88,1.57,6.91,4,15,30,27,26,12,3,0,12,35,43,15,7,2,3,265.0,20.47,399.0,1.0,1.03,29.0,228
Carvajal,2022-09-15,Pressing Drill,12.97,1426.0,110.01,413.0,407.0,233.0,277.0,96.0,1.0,7.45,1.83,7.18,9,3,33,52,17,2,1,0,11,30,33,17,6,5,0,315.0,24.31,479.0,3.0,1.14,31.0,219
Vallejo,2022-09-15,Pressing Drill,12.97,1454.0,112.1,323.0,423.0,402.0,264.0,41.0,0.0,3.17,1.87,6.95,5,26,32,36,29,21,4,1,19,24,43,26,12,5,2,347.0,26.78,778.0,3.0,1.42,42.0,306
Nacho,2022-09-15,Pressing Drill,12.97,1312.0,101.19,417.0,349.0,257.0,231.0,51.0,7.0,4.53,1.69,7.77,6,11,29,37,22,10,1,0,10,26,39,24,6,3,1,303.0,23.39,526.0,1.0,1.18,39.0,244
Hazard,2022-09-15,Pressing Drill,12.97,1249.0,96.33,388.0,266.0,285.0,248.0,59.0,4.0,4.83,1.61,7.32,7,24,28,45,14,17,6,1,24,53,32,15,17,4,3,305.0,23.51,370.0,3.0,1.16,38.0,242
Benzema,2022-09-15,Pressing Drill,12.97,1366.0,105.35,412.0,403.0,348.0,192.0,12.0,0.0,0.94,1.76,6.49,2,11,29,46,25,8,3,0,18,18,42,23,15,2,1,269.0,20.73,755.0,3.0,1.14,38.0,257
Isco,2022-09-21,Pressing Game,12.0,967.0,80.59,395.0,262.0,165.0,107.0,38.0,0.0,3.14,1.34,6.61,5,18,45,29,18,13,4,1,10,32,39,21,6,2,2,203.0,16.92,374.0,2.0,0.84,26.0,165
Modric,2022-09-21,Pressing Game,12.0,1016.0,84.64,338.0,375.0,185.0,117.0,1.0,0.0,0.05,1.41,5.51,0,12,41,38,17,8,4,0,18,29,38,20,15,3,0,181.0,15.06,611.0,0.0,0.77,27.0,180
Asensio,2022-09-21,Pressing Game,12.0,1101.0,91.77,318.0,390.0,222.0,145.0,27.0,1.0,2.29,1.53,7.04,2,11,30,42,37,10,1,0,23,37,47,21,16,6,1,257.0,21.39,332.0,0.0,1.08,31.0,229
Camavinga,2022-09-21,Pressing Game,12.0,1202.0,100.17,373.0,388.0,228.0,162.0,51.0,0.0,4.22,1.67,6.78,6,14,32,33,21,12,2,0,13,18,36,23,8,3,2,251.0,20.93,357.0,1.0,1.0,32.0,200
Marcelo,2022-09-21,Pressing Game,12.0,872.0,72.66,452.0,246.0,100.0,71.0,2.0,0.0,0.19,1.21,5.71,0,7,38,25,21,6,1,0,9,38,36,12,9,0,0,115.0,9.56,202.0,0.0,0.5,17.0,113
Casemiro,2022-09-21,Pressing Game,12.0,1012.0,84.29,370.0,311.0,176.0,134.0,20.0,0.0,1.69,1.41,6.39,3,21,27,34,26,16,3,2,17,21,44,26,11,3,3,209.0,17.42,374.0,0.0,0.9,23.0,189
Valverde,2022-09-21,Pressing Game,12.0,1006.0,83.86,331.0,281.0,160.0,161.0,72.0,2.0,6.21,1.4,7.31,7,15,36,35,19,12,3,0,10,32,39,15,7,2,1,223.0,18.61,212.0,1.0,0.86,26.0,149
Tchouameni,2022-09-21,Pressing Game,12.0,1118.0,93.21,348.0,380.0,230.0,158.0,3.0,0.0,0.24,1.55,6.22,1,18,33,45,23,13,5,0,15,32,56,16,11,4,0,225.0,18.77,362.0,1.0,0.99,31.0,222
Militao,2022-09-21,Pressing Game,12.0,1192.0,99.32,313.0,421.0,237.0,180.0,41.0,0.0,3.43,1.66,6.83,6,15,33,40,25,12,3,0,18,26,36,28,14,3,1,269.0,22.45,526.0,2.0,1.08,34.0,228
Nacho,2022-09-21,Pressing Game,12.0,950.0,79.18,411.0,285.0,149.0,78.0,25.0,2.0,2.23,1.32,7.46,2,15,28,27,15,9,5,1,12,35,37,12,10,2,0,160.0,13.37,217.0,0.0,0.69,22.0,134
Kroos,2022-09-21,Pressing Game,12.0,884.0,73.69,323.0,293.0,146.0,86.0,32.0,4.0,2.96,1.23,7.29,3,17,42,40,20,13,4,0,9,24,53,20,5,4,0,168.0,14.03,252.0,1.0,0.73,18.0,133
Benzema,2022-09-21,Pressing Game,12.0,1231.0,102.56,344.0,412.0,301.0,160.0,12.0,1.0,1.12,1.71,7.36,1,13,22,43,30,10,3,0,19,17,43,25,17,1,1,251.0,20.91,645.0,1.0,1.07,32.0,237
Isco,2022-09-23,Pressing Game,11.74,1198.0,102.02,368.0,396.0,186.0,170.0,62.0,17.0,6.69,1.7,8.05,6,13,28,43,25,8,4,1,18,37,26,25,12,4,2,271.0,23.11,438.0,2.0,1.02,31.0,193
Modric,2022-09-23,Pressing Game,11.74,1341.0,114.2,328.0,502.0,268.0,198.0,44.0,0.0,3.77,1.9,6.54,7,22,37,39,21,15,5,2,18,17,41,26,17,1,0,275.0,23.45,588.0,3.0,1.09,28.0,231
Camavinga,2022-09-23,Pressing Game,11.74,1241.0,105.64,375.0,457.0,216.0,137.0,46.0,9.0,4.76,1.76,7.78,6,17,31,23,22,14,3,0,9,23,40,22,4,2,3,244.0,20.76,262.0,3.0,0.96,34.0,188
Marcelo,2022-09-23,Pressing Game,11.74,1185.0,100.93,414.0,358.0,205.0,175.0,33.0,0.0,2.85,1.68,6.93,4,11,24,42,17,6,5,0,14,34,30,18,10,3,1,230.0,19.62,379.0,2.0,0.91,30.0,197
Casemiro,2022-09-23,Pressing Game,11.74,1102.0,93.84,365.0,419.0,134.0,130.0,39.0,15.0,4.62,1.56,7.88,5,18,27,54,24,15,3,0,11,28,55,20,8,3,0,215.0,18.33,423.0,2.0,0.87,20.0,161
Valverde,2022-09-23,Pressing Game,11.74,1168.0,99.46,335.0,412.0,194.0,165.0,55.0,8.0,5.38,1.66,7.93,6,19,35,41,17,14,5,0,13,27,35,20,8,3,2,262.0,22.29,259.0,2.0,1.02,30.0,199
Tchouameni,2022-09-23,Pressing Game,11.74,1257.0,107.01,308.0,467.0,284.0,157.0,42.0,0.0,3.53,1.78,6.9,4,22,27,51,25,17,5,0,14,23,54,31,10,4,0,263.0,22.44,359.0,1.0,1.11,36.0,222
Carvajal,2022-09-23,Pressing Game,11.74,987.0,84.04,381.0,329.0,145.0,114.0,17.0,0.0,1.47,1.4,6.19,3,7,35,35,12,6,1,0,3,27,30,15,2,1,0,147.0,12.49,251.0,0.0,0.58,17.0,129
Alaba,2022-09-23,Pressing Game,11.74,1070.0,91.11,373.0,398.0,150.0,113.0,33.0,3.0,3.02,1.52,7.25,3,11,28,45,20,7,4,0,12,28,52,11,4,7,1,174.0,14.84,297.0,1.0,0.7,22.0,139
Nacho,2022-09-23,Pressing Game,11.74,1002.0,85.32,458.0,195.0,106.0,169.0,71.0,3.0,6.25,1.42,7.22,7,19,32,19,14,12,7,0,21,28,24,9,15,5,1,246.0,20.92,286.0,3.0,0.9,24.0,172
Hazard,2022-09-23,Pressing Game,11.74,1122.0,95.59,417.0,320.0,182.0,140.0,54.0,9.0,5.4,1.59,7.82,3,14,29,34,22,13,1,0,13,23,38,20,9,4,0,227.0,19.32,310.0,2.0,0.88,26.0,164
Benzema,2022-09-23,Pressing Game,11.74,1299.0,110.64,342.0,454.0,253.0,171.0,76.0,3.0,6.71,1.84,7.41,7,15,38,40,21,11,4,0,20,22,35,26,16,2,2,305.0,25.96,262.0,1.0,1.19,34.0,226
Modric,2022-09-09,Rondo,17.32,769.0,44.41,449.0,181.0,97.0,43.0,0.0,0.0,0.0,0.74,5.13,0,28,50,36,16,22,6,0,19,44,42,21,14,5,0,115.0,6.65,494.0,0.0,0.55,16.0,115
Marcelo,2022-09-09,Rondo,17.32,793.0,45.78,551.0,150.0,60.0,30.0,2.0,0.0,0.13,0.76,5.92,0,6,59,37,20,5,0,1,15,50,33,9,13,2,0,71.0,4.11,182.0,0.0,0.34,10.0,69
Carvajal,2022-09-09,Rondo,17.32,805.0,46.47,370.0,153.0,122.0,48.0,96.0,16.0,6.47,0.77,7.42,2,6,38,43,17,6,0,0,6,46,29,23,4,2,0,199.0,11.49,266.0,0.0,0.73,21.0,87
Nacho,2022-09-09,Rondo,17.32,869.0,50.17,466.0,174.0,67.0,55.0,72.0,35.0,6.21,0.84,7.88,3,16,57,33,17,13,3,0,15,54,33,17,11,3,1,181.0,10.45,228.0,1.0,0.66,15.0,73
Hazard,2022-09-09,Rondo,17.32,817.0,47.17,396.0,156.0,80.0,74.0,95.0,16.0,6.42,0.79,7.6,2,15,45,31,11,6,7,2,15,39,28,10,3,7,5,195.0,11.26,195.0,4.0,0.72,19.0,84
Isco,2022-09-30,Rondos,14.8,930.0,62.84,423.0,368.0,100.0,39.0,0.0,0.0,0.0,1.05,5.39,0,17,54,61,35,13,4,0,11,52,84,29,7,3,1,116.0,7.82,340.0,1.0,0.57,11.0,116
Carvajal,2022-09-30,Rondos,14.8,709.0,47.93,375.0,283.0,42.0,10.0,0.0,0.0,0.0,0.8,5.32,0,8,53,60,14,7,1,0,4,51,63,20,3,1,0,51.0,3.48,219.0,0.0,0.28,7.0,51
Militao,2022-09-30,Rondos,14.8,814.0,55.0,334.0,323.0,115.0,43.0,0.0,0.0,0.0,0.92,4.96,0,16,41,60,31,12,4,0,22,32,54,29,13,8,1,142.0,9.63,266.0,2.0,0.7,24.0,142
Alaba,2022-09-30,Rondos,14.8,968.0,65.4,375.0,462.0,116.0,14.0,0.0,0.0,0.0,1.09,5.35,0,14,45,67,45,11,3,0,17,54,71,33,13,3,1,116.0,7.81,493.0,0.0,0.62,11.0,116
Vallejo,2022-09-30,Rondos,14.8,943.0,63.73,337.0,386.0,180.0,40.0,0.0,0.0,0.0,1.06,4.93,0,28,35,46,36,22,6,0,23,44,57,32,20,3,0,179.0,12.07,443.0,0.0,0.9,24.0,179
Hazard,2022-09-30,Rondos,14.8,924.0,62.45,404.0,377.0,124.0,20.0,0.0,0.0,0.0,1.04,4.91,0,21,43,63,40,14,5,2,16,52,64,42,14,2,0,133.0,8.97,226.0,2.0,0.7,15.0,133
Modric,2022-09-11,Set Pieces,23.8,491.0,20.64,361.0,71.0,27.0,31.0,2.0,0.0,0.07,0.34,5.79,1,4,39,12,5,3,1,0,2,51,20,5,2,0,0,43.0,1.83,142.0,0.0,0.18,6.0,42
Asensio,2022-09-11,Set Pieces,23.8,355.0,14.91,239.0,84.0,25.0,6.0,0.0,0.0,0.0,0.25,4.81,0,5,44,23,9,5,0,0,3,51,30,6,2,1,0,26.0,1.08,50.0,0.0,0.13,3.0,26
Camavinga,2022-09-11,Set Pieces,23.8,325.0,13.67,269.0,44.0,11.0,2.0,0.0,0.0,0.0,0.23,4.46,0,2,48,19,5,2,0,0,0,58,10,4,0,0,0,11.0,0.46,27.0,0.0,0.05,2.0,11
Vasquez,2022-09-11,Set Pieces,23.8,479.0,20.11,320.0,110.0,37.0,13.0,0.0,0.0,0.0,0.34,4.74,0,9,57,39,6,6,3,0,5,60,49,3,5,0,0,31.0,1.29,86.0,0.0,0.16,6.0,31
Carvajal,2022-09-11,Set Pieces,23.8,376.0,15.81,222.0,66.0,48.0,40.0,0.0,0.0,0.0,0.26,5.27,0,5,29,15,4,4,1,0,3,25,19,1,3,0,0,45.0,1.89,79.0,0.0,0.19,6.0,45
Militao,2022-09-11,Set Pieces,23.8,451.0,18.96,265.0,139.0,25.0,16.0,7.0,0.0,0.28,0.32,6.55,1,5,34,28,10,3,1,1,3,39,24,6,2,0,1,39.0,1.65,113.0,1.0,0.18,5.0,33
Vallejo,2022-09-11,Set Pieces,23.8,492.0,20.67,268.0,122.0,47.0,36.0,18.0,1.0,0.82,0.34,7.41,2,8,34,22,7,2,4,2,8,30,24,4,5,2,1,74.0,3.1,199.0,2.0,0.29,9.0,54
Nacho,2022-09-11,Set Pieces,23.8,659.0,27.68,407.0,152.0,45.0,41.0,12.0,1.0,0.55,0.46,7.38,1,8,53,28,8,4,2,2,4,51,38,4,3,1,0,61.0,2.57,137.0,1.0,0.25,8.0,48
Hazard,2022-09-11,Set Pieces,23.8,364.0,15.28,312.0,39.0,10.0,3.0,0.0,0.0,0.0,0.25,4.49,0,4,60,28,4,2,2,0,3,64,33,1,3,0,0,15.0,0.62,35.0,0.0,0.08,2.0,15
Kroos,2022-09-11,Set Pieces,23.8,712.0,29.89,399.0,204.0,63.0,32.0,13.0,0.0,0.56,0.5,6.54,1,10,48,32,18,8,1,1,3,45,39,13,1,1,1,77.0,3.23,151.0,0.0,0.35,11.0,63
Benzema,2022-09-11,Set Pieces,23.8,715.0,30.02,347.0,202.0,97.0,65.0,4.0,0.0,0.17,0.5,5.97,1,9,38,47,25,9,0,0,7,53,69,15,6,1,0,107.0,4.5,210.0,0.0,0.48,11.0,103
Isco,2022-09-18,Set Pieces,10.98,459.0,41.81,260.0,90.0,39.0,52.0,17.0,0.0,1.58,0.7,6.48,3,9,35,12,6,4,4,1,5,32,12,4,5,0,0,83.0,7.56,121.0,2.0,0.33,11.0,66
Asensio,2022-09-18,Set Pieces,10.98,395.0,35.95,238.0,94.0,43.0,17.0,3.0,0.0,0.26,0.6,5.79,0,16,37,18,8,13,3,0,5,39,22,14,4,1,0,62.0,5.63,98.0,0.0,0.31,10.0,59
Camavinga,2022-09-18,Set Pieces,10.98,295.0,26.89,229.0,47.0,10.0,9.0,0.0,0.0,0.0,0.45,4.94,0,7,26,5,6,5,2,0,2,33,8,7,2,0,0,25.0,2.29,35.0,0.0,0.14,3.0,25
Marcelo,2022-09-18,Set Pieces,10.98,465.0,42.36,240.0,139.0,56.0,30.0,0.0,0.0,0.0,0.71,5.38,0,11,39,21,6,10,1,0,6,50,27,6,2,3,1,69.0,6.26,102.0,1.0,0.32,10.0,69
Vasquez,2022-09-18,Set Pieces,10.98,426.0,38.75,222.0,128.0,38.0,22.0,15.0,1.0,1.41,0.65,7.01,1,12,22,21,12,6,5,1,6,24,28,11,5,0,1,79.0,7.17,111.0,0.0,0.36,8.0,63
Carvajal,2022-09-18,Set Pieces,10.98,268.0,24.41,193.0,55.0,17.0,3.0,0.0,0.0,0.0,0.41,4.3,0,3,15,16,7,1,2,0,3,26,15,6,2,1,0,21.0,1.95,28.0,0.0,0.11,3.0,21
Militao,2022-09-18,Set Pieces,10.98,349.0,31.74,238.0,75.0,32.0,4.0,0.0,0.0,0.0,0.53,4.37,0,6,24,14,11,2,4,0,4,29,14,11,3,0,1,37.0,3.33,61.0,1.0,0.2,5.0,37
Alaba,2022-09-18,Set Pieces,10.98,353.0,32.12,240.0,87.0,23.0,3.0,0.0,0.0,0.0,0.54,4.3,0,11,36,29,7,3,8,0,4,58,31,14,3,1,0,37.0,3.39,69.0,1.0,0.21,5.0,37
Vallejo,2022-09-18,Set Pieces,10.98,480.0,43.7,214.0,132.0,70.0,47.0,11.0,5.0,1.5,0.73,7.31,1,12,19,18,6,7,5,0,10,23,22,6,8,1,1,95.0,8.64,170.0,1.0,0.4,13.0,78
Nacho,2022-09-18,Set Pieces,10.98,444.0,40.47,261.0,78.0,26.0,34.0,44.0,1.0,4.04,0.67,7.03,3,6,24,12,2,3,2,1,1,18,19,5,1,0,0,69.0,6.26,117.0,1.0,0.23,5.0,24
Hazard,2022-09-18,Set Pieces,10.98,433.0,39.43,235.0,111.0,43.0,28.0,17.0,0.0,1.52,0.66,6.82,2,8,24,17,12,6,2,0,7,27,27,6,4,1,2,66.0,6.04,143.0,1.0,0.28,7.0,50
Benzema,2022-09-18,Set Pieces,10.98,446.0,40.61,272.0,128.0,35.0,11.0,0.0,0.0,0.0,0.68,4.88,0,10,37,21,11,7,3,0,6,50,34,9,5,1,0,56.0,5.09,103.0,0.0,0.29,9.0,56
Isco,2022-09-28,Set Pieces,12.35,471.0,38.17,322.0,98.0,31.0,17.0,3.0,0.0,0.27,0.64,5.8,0,7,24,22,4,6,0,1,3,40,15,6,2,1,0,39.0,3.2,107.0,0.0,0.18,5.0,36
Modric,2022-09-28,Set Pieces,12.35,455.0,36.86,283.0,101.0,41.0,29.0,1.0,0.0,0.05,0.61,5.61,0,9,28,22,3,4,5,0,7,28,23,3,5,2,0,46.0,3.69,127.0,1.0,0.21,7.0,45
Marcelo,2022-09-28,Set Pieces,12.35,502.0,40.64,343.0,84.0,37.0,23.0,14.0,0.0,1.16,0.68,6.56,2,10,34,15,3,5,4,1,6,34,13,6,3,3,0,59.0,4.79,104.0,2.0,0.25,7.0,45
Casemiro,2022-09-28,Set Pieces,12.35,489.0,39.65,347.0,66.0,31.0,33.0,13.0,0.0,1.02,0.66,6.27,2,14,43,24,3,10,4,0,7,52,23,7,2,2,3,69.0,5.58,187.0,2.0,0.29,7.0,56
Militao,2022-09-28,Set Pieces,12.35,555.0,44.97,286.0,147.0,70.0,31.0,21.0,0.0,1.68,0.75,6.26,2,7,29,27,18,4,1,2,7,30,32,17,6,0,1,82.0,6.64,226.0,0.0,0.36,9.0,61
Alaba,2022-09-28,Set Pieces,12.35,596.0,48.3,390.0,83.0,33.0,62.0,28.0,0.0,2.28,0.8,6.58,4,8,21,19,8,4,4,0,8,30,17,6,2,3,3,92.0,7.41,128.0,4.0,0.34,11.0,63
Nacho,2022-09-28,Set Pieces,12.35,424.0,34.33,309.0,67.0,35.0,13.0,0.0,0.0,0.0,0.57,4.88,0,11,27,15,4,4,6,1,6,27,20,5,3,3,0,48.0,3.86,51.0,1.0,0.23,8.0,48
Benzema,2022-09-28,Set Pieces,12.35,545.0,44.13,326.0,115.0,43.0,46.0,15.0,0.0,1.18,0.74,6.29,2,10,46,23,11,4,5,1,7,50,35,8,6,1,0,84.0,6.82,106.0,1.0,0.35,11.0,70
Modric,2022-09-09,Shooting Drill,16.53,1433.0,86.72,392.0,567.0,207.0,159.0,93.0,15.0,6.52,1.45,7.38,6,13,33,35,21,11,1,1,15,31,42,19,8,4,3,275.0,16.65,800.0,1.0,1.0,26.0,167
Asensio,2022-09-09,Shooting Drill,16.53,1137.0,68.79,363.0,502.0,140.0,87.0,39.0,7.0,2.73,1.15,7.5,4,7,40,51,22,6,1,0,14,48,46,13,7,5,2,157.0,9.51,388.0,1.0,0.62,15.0,112
Camavinga,2022-09-09,Shooting Drill,16.53,1372.0,83.0,411.0,483.0,297.0,143.0,36.0,1.0,2.25,1.38,7.07,3,7,31,43,16,6,1,0,6,37,40,15,6,0,0,193.0,11.7,490.0,0.0,0.78,25.0,156
Vasquez,2022-09-09,Shooting Drill,16.53,1381.0,83.57,354.0,373.0,236.0,308.0,94.0,16.0,6.64,1.39,7.82,10,26,48,29,24,19,5,2,22,45,43,22,9,8,5,383.0,23.2,705.0,5.0,1.41,38.0,274
Carvajal,2022-09-09,Shooting Drill,16.53,1261.0,76.28,363.0,590.0,269.0,38.0,1.0,0.0,0.07,1.27,5.72,0,4,42,48,15,3,0,1,4,41,44,14,2,2,0,93.0,5.65,788.0,0.0,0.44,14.0,92
Militao,2022-09-09,Shooting Drill,16.53,1428.0,86.38,374.0,466.0,217.0,240.0,124.0,6.0,7.87,1.44,7.29,11,21,37,34,17,18,3,0,19,27,33,17,12,5,2,369.0,22.34,566.0,4.0,1.33,40.0,239
Alaba,2022-09-09,Shooting Drill,16.53,1163.0,70.35,353.0,557.0,179.0,68.0,5.0,0.0,0.31,1.17,6.03,0,8,43,56,15,6,2,0,11,30,51,16,7,3,1,135.0,8.15,457.0,2.0,0.6,19.0,130
Vallejo,2022-09-09,Shooting Drill,16.53,1540.0,93.17,344.0,456.0,381.0,283.0,74.0,2.0,4.62,1.55,7.35,6,11,25,43,30,9,2,0,19,13,37,24,12,4,3,352.0,21.27,741.0,4.0,1.36,38.0,275
Nacho,2022-09-09,Shooting Drill,16.53,1143.0,69.15,494.0,291.0,164.0,144.0,49.0,1.0,3.03,1.15,7.05,6,11,32,30,15,10,1,0,10,28,32,13,8,1,1,180.0,10.88,212.0,1.0,0.69,19.0,130
Hazard,2022-09-09,Shooting Drill,16.53,1242.0,75.14,424.0,449.0,188.0,142.0,38.0,0.0,2.32,1.25,6.96,4,16,28,41,18,9,7,0,12,40,40,18,4,4,4,207.0,12.53,388.0,2.0,0.82,25.0,169
Kroos,2022-09-09,Shooting Drill,16.53,1082.0,65.44,371.0,375.0,185.0,122.0,28.0,1.0,1.72,1.09,7.04,3,16,47,36,24,11,4,1,8,30,51,24,4,2,2,192.0,11.63,274.0,3.0,0.79,23.0,164
Benzema,2022-09-09,Shooting Drill,16.53,1353.0,81.9,393.0,502.0,273.0,159.0,26.0,0.0,1.58,1.36,6.54,3,10,42,44,25,8,2,0,17,25,56,23,16,1,0,242.0,14.66,580.0,1.0,1.01,34.0,216
Camavinga,2022-09-24,Shooting Drill,20.59,1846.0,89.69,623.0,753.0,268.0,176.0,27.0,0.0,1.29,1.49,6.46,3,30,50,71,40,22,7,1,21,43,80,44,15,4,2,318.0,15.44,598.0,2.0,1.36,43.0,291
Marcelo,2022-09-24,Shooting Drill,20.59,1008.0,48.97,691.0,229.0,59.0,22.0,7.0,0.0,0.32,0.82,6.34,1,6,70,41,20,2,4,0,5,72,52,13,5,0,0,80.0,3.89,113.0,0.0,0.38,11.0,74
Carvajal,2022-09-24,Shooting Drill,20.59,1485.0,72.12,681.0,602.0,128.0,73.0,0.0,0.0,0.0,1.2,5.46,0,13,69,68,23,11,2,0,3,51,81,26,2,1,0,135.0,6.56,417.0,0.0,0.61,15.0,135
Militao,2022-09-24,Shooting Drill,20.59,1675.0,81.36,657.0,588.0,269.0,142.0,19.0,0.0,0.95,1.36,6.56,3,27,53,72,47,18,8,1,25,45,79,44,17,6,2,292.0,14.18,536.0,3.0,1.31,41.0,272
Hazard,2022-09-24,Shooting Drill,20.59,1418.0,68.89,699.0,499.0,164.0,56.0,1.0,0.0,0.03,1.15,5.6,0,23,61,75,34,14,9,0,17,66,86,27,8,8,1,175.0,8.49,283.0,0.0,0.84,20.0,174
Kroos,2022-09-24,Shooting Drill,20.59,606.0,29.43,462.0,119.0,18.0,7.0,0.0,0.0,0.0,0.49,5.28,0,13,76,63,14,6,5,2,7,71,60,16,6,1,0,35.0,1.7,88.0,0.0,0.19,4.0,35
Camavinga,2022-09-01,SSG 5v5,22.3,1281.0,57.44,586.0,484.0,150.0,60.0,1.0,0.0,0.02,0.96,5.55,0,20,48,65,31,11,8,1,12,62,60,34,11,1,0,161.0,7.23,315.0,1.0,0.76,27.0,161
Casemiro,2022-09-01,SSG 5v5,22.3,1140.0,51.12,519.0,419.0,126.0,74.0,2.0,0.0,0.08,0.85,5.77,0,27,55,59,25,23,3,1,25,46,61,33,13,8,4,178.0,7.98,257.0,2.0,0.85,21.0,176
Vasquez,2022-09-01,SSG 5v5,22.3,1139.0,51.09,516.0,409.0,136.0,74.0,5.0,0.0,0.21,0.85,6.04,1,11,51,53,38,10,1,0,19,48,65,24,15,4,0,163.0,7.33,333.0,0.0,0.76,21.0,159
Ceballos,2022-09-01,SSG 5v5,22.3,1463.0,65.63,536.0,545.0,236.0,111.0,31.0,4.0,1.56,1.09,7.56,3,18,40,79,36,15,3,0,28,55,74,23,19,8,1,264.0,11.82,697.0,2.0,1.14,36.0,229
Carvajal,2022-09-01,SSG 5v5,22.3,1213.0,54.41,549.0,433.0,155.0,69.0,7.0,0.0,0.34,0.91,6.1,1,6,53,57,33,6,0,0,9,45,69,24,8,0,1,154.0,6.93,423.0,0.0,0.71,21.0,147
Vinicius Jr,2022-09-01,SSG 5v5,22.3,1256.0,56.34,463.0,511.0,194.0,78.0,10.0,0.0,0.45,0.94,6.79,1,19,34,59,35,12,7,0,16,38,64,24,9,6,1,216.0,9.71,312.0,1.0,1.0,27.0,206
Rodrygo,2022-09-01,SSG 5v5,22.3,1363.0,61.11,518.0,530.0,194.0,109.0,12.0,0.0,0.52,1.02,6.1,1,26,57,63,43,16,9,1,26,63,70,43,17,7,2,227.0,10.17,492.0,2.0,1.04,32.0,215
Mariano,2022-09-01,SSG 5v5,22.3,1471.0,65.98,512.0,488.0,285.0,166.0,20.0,0.0,0.88,1.1,6.35,2,27,37,57,40,18,8,1,21,32,70,27,14,7,0,310.0,13.89,341.0,4.0,1.34,42.0,290
Militao,2022-09-01,SSG 5v5,22.3,1226.0,54.97,518.0,495.0,129.0,81.0,3.0,0.0,0.13,0.92,5.84,1,26,51,67,35,21,5,0,24,46,65,30,15,7,2,190.0,8.51,437.0,3.0,0.9,21.0,187
Nacho,2022-09-01,SSG 5v5,22.3,1398.0,62.71,610.0,388.0,196.0,155.0,50.0,0.0,2.24,1.05,6.98,7,36,51,40,28,26,8,2,17,49,59,29,12,2,3,286.0,12.85,355.0,3.0,1.2,35.0,236
Kroos,2022-09-01,SSG 5v5,22.3,1130.0,50.68,448.0,437.0,135.0,95.0,15.0,0.0,0.66,0.84,6.62,3,27,45,53,40,17,9,1,11,57,67,42,7,2,2,193.0,8.66,440.0,1.0,0.86,25.0,178
Modric,2022-09-04,SSG 5v5,14.9,1123.0,75.36,295.0,453.0,212.0,142.0,21.0,0.0,1.41,1.26,6.41,4,12,40,41,21,10,2,0,15,30,51,18,11,4,0,216.0,14.52,585.0,0.0,0.89,23.0,195
Camavinga,2022-09-04,SSG 5v5,14.9,1038.0,69.64,323.0,409.0,165.0,98.0,43.0,0.0,2.92,1.16,6.8,4,13,29,34,24,10,3,0,13,25,39,19,6,4,3,208.0,13.93,320.0,2.0,0.84,26.0,164
Marcelo,2022-09-04,SSG 5v5,14.9,984.0,66.05,420.0,314.0,102.0,82.0,46.0,21.0,4.47,1.1,8.77,3,11,36,32,14,9,2,0,10,47,31,18,4,4,2,168.0,11.28,236.0,1.0,0.61,17.0,101
Vasquez,2022-09-04,SSG 5v5,14.9,1197.0,80.35,378.0,492.0,197.0,123.0,8.0,0.0,0.54,1.34,6.12,1,22,40,53,36,15,7,0,16,33,62,35,11,2,3,225.0,15.11,511.0,1.0,1.0,35.0,217
Carvajal,2022-09-04,SSG 5v5,14.9,1226.0,82.25,392.0,491.0,205.0,128.0,9.0,0.0,0.62,1.37,5.98,1,7,33,53,23,3,4,0,7,36,51,22,5,1,1,178.0,11.93,717.0,1.0,0.76,20.0,168
Militao,2022-09-04,SSG 5v5,14.9,930.0,62.4,327.0,350.0,166.0,72.0,15.0,0.0,1.02,1.04,6.39,2,19,26,42,26,13,5,1,11,28,53,26,7,2,2,168.0,11.25,352.0,1.0,0.75,20.0,152
Alaba,2022-09-04,SSG 5v5,14.9,967.0,64.92,349.0,364.0,149.0,91.0,14.0,0.0,0.97,1.08,6.24,2,11,45,46,17,8,3,0,12,34,55,19,10,2,0,154.0,10.31,270.0,0.0,0.66,17.0,139
Nacho,2022-09-04,SSG 5v5,14.9,994.0,66.72,352.0,291.0,146.0,142.0,60.0,2.0,4.14,1.11,7.2,5,21,49,28,23,14,7,0,19,34,40,18,14,2,3,230.0,15.43,236.0,3.0,0.89,26.0,168
Hazard,2022-09-04,SSG 5v5,14.9,1206.0,80.97,362.0,364.0,259.0,189.0,32.0,0.0,2.14,1.35,6.39,6,24,40,39,22,18,4,2,21,41,53,19,17,4,0,253.0,16.98,370.0,3.0,1.05,36.0,221
Kroos,2022-09-04,SSG 5v5,14.9,1059.0,71.08,277.0,401.0,223.0,148.0,9.0,0.0,0.62,1.18,6.18,1,25,27,41,31,17,8,0,21,26,46,30,14,6,1,232.0,15.59,442.0,2.0,1.02,32.0,223
Camavinga,2022-09-11,SSG 5v5,23.26,1506.0,64.75,696.0,509.0,177.0,119.0,4.0,0.0,0.19,1.08,5.79,0,26,62,57,34,18,6,2,23,49,60,36,14,7,2,237.0,10.2,391.0,1.0,1.05,35.0,233
Carvajal,2022-09-11,SSG 5v5,23.26,1463.0,62.92,643.0,548.0,202.0,67.0,3.0,0.0,0.12,1.05,5.99,0,18,56,71,30,14,4,0,5,46,83,33,3,2,0,185.0,7.95,489.0,0.0,0.87,25.0,182
Alaba,2022-09-11,SSG 5v5,23.26,1336.0,57.44,578.0,483.0,189.0,84.0,2.0,0.0,0.1,0.96,5.69,0,20,56,74,32,13,7,0,22,58,68,38,18,3,1,200.0,8.6,490.0,0.0,0.93,32.0,198
Modric,2022-09-18,SSG 5v5,27.76,1480.0,53.31,580.0,519.0,215.0,130.0,37.0,0.0,1.32,0.89,6.36,2,27,60,56,29,19,7,1,21,52,65,34,18,3,0,254.0,9.15,566.0,0.0,1.1,33.0,217
Camavinga,2022-09-18,SSG 5v5,27.76,1637.0,58.96,641.0,566.0,215.0,165.0,49.0,0.0,1.77,0.98,6.71,4,25,61,70,42,16,8,1,21,52,89,30,15,6,0,289.0,10.42,398.0,3.0,1.22,35.0,240
Vasquez,2022-09-18,SSG 5v5,27.76,1287.0,46.35,608.0,473.0,161.0,42.0,3.0,0.0,0.11,0.77,6.26,1,28,75,70,39,21,7,0,25,54,72,39,17,7,1,182.0,6.57,237.0,2.0,0.9,24.0,179
Carvajal,2022-09-18,SSG 5v5,27.76,1150.0,41.42,588.0,388.0,129.0,44.0,0.0,0.0,0.0,0.69,5.36,0,7,76,57,19,6,1,0,4,46,61,25,4,0,0,94.0,3.39,226.0,0.0,0.45,15.0,94
Militao,2022-09-18,SSG 5v5,27.76,1287.0,46.36,598.0,443.0,163.0,80.0,3.0,0.0,0.1,0.77,5.94,0,30,59,58,33,22,6,2,27,68,58,25,16,7,4,196.0,7.08,360.0,2.0,0.89,28.0,194
Hazard,2022-09-18,SSG 5v5,27.76,1327.0,47.79,568.0,475.0,173.0,106.0,5.0,0.0,0.16,0.8,5.84,0,28,62,55,37,20,7,1,24,44,71,34,16,7,1,245.0,8.84,319.0,2.0,1.13,38.0,241
Benzema,2022-09-18,SSG 5v5,27.76,1447.0,52.13,657.0,503.0,191.0,95.0,1.0,0.0,0.02,0.87,5.53,0,23,68,75,41,15,7,1,17,80,72,48,9,8,0,230.0,8.3,453.0,3.0,1.06,37.0,230
Isco,2022-09-01,SSG 5v5,22.3,1376.0,61.7,590.0,401.0,173.0,164.0,47.0,1.0,2.19,1.03,7.25,5,18,69,49,31,10,6,2,20,61,60,21,11,5,4,261.0,11.7,494.0,5.0,1.03,32.0,212
Marcelo,2022-09-22,SSG 6v6,12.46,1401.0,112.44,399.0,424.0,321.0,237.0,20.0,0.0,1.62,1.87,6.63,2,10,25,43,30,6,4,0,16,18,50,22,10,5,1,299.0,23.97,586.0,1.0,1.22,38.0,278
Valverde,2022-09-22,SSG 6v6,12.46,1352.0,108.45,393.0,362.0,207.0,307.0,82.0,0.0,6.62,1.81,6.81,3,14,24,36,25,12,2,0,10,19,36,24,7,2,1,310.0,24.84,242.0,2.0,1.19,28.0,227
Vallejo,2022-09-22,SSG 6v6,12.46,1391.0,111.66,342.0,499.0,311.0,202.0,38.0,0.0,3.06,1.86,6.77,5,21,22,39,32,14,5,2,20,26,34,29,13,5,2,307.0,24.6,671.0,5.0,1.28,38.0,268
Nacho,2022-09-22,SSG 6v6,12.46,1234.0,99.01,442.0,359.0,204.0,202.0,27.0,0.0,2.15,1.65,6.35,4,18,36,25,26,12,4,2,14,24,34,22,12,1,1,245.0,19.67,417.0,1.0,1.02,29.0,218
Kroos,2022-09-22,SSG 6v6,12.46,1304.0,104.63,313.0,427.0,337.0,181.0,46.0,0.0,3.67,1.74,6.95,6,32,35,52,22,24,7,1,20,33,56,31,14,4,2,301.0,24.18,645.0,2.0,1.24,44.0,256
Isco,2022-09-23,SSG 7v7,11.67,977.0,83.73,328.0,361.0,165.0,106.0,17.0,0.0,1.44,1.4,6.15,2,16,32,46,19,7,8,1,20,28,39,22,13,6,1,197.0,16.91,403.0,2.0,0.85,25.0,181
Camavinga,2022-09-23,SSG 7v7,11.67,1034.0,88.55,341.0,433.0,164.0,74.0,22.0,0.0,1.88,1.48,6.83,2,16,31,41,17,9,7,0,11,31,52,19,9,2,0,154.0,13.18,188.0,2.0,0.66,19.0,132
Marcelo,2022-09-23,SSG 7v7,11.67,823.0,70.53,418.0,300.0,85.0,20.0,1.0,0.0,0.1,1.18,5.7,0,12,48,35,17,6,5,1,14,31,45,7,9,3,2,85.0,7.28,204.0,1.0,0.42,11.0,84
Casemiro,2022-09-23,SSG 7v7,11.67,867.0,74.3,348.0,380.0,96.0,44.0,0.0,0.0,0.0,1.24,5.23,0,16,36,52,24,11,5,0,14,29,52,24,9,3,2,113.0,9.66,373.0,1.0,0.54,19.0,113
Valverde,2022-09-23,SSG 7v7,11.67,910.0,77.98,339.0,331.0,118.0,106.0,16.0,0.0,1.38,1.3,6.01,4,8,30,39,24,5,2,1,15,25,37,17,8,6,1,171.0,14.63,204.0,3.0,0.71,20.0,155
Tchouameni,2022-09-23,SSG 7v7,11.67,938.0,80.35,340.0,355.0,151.0,77.0,14.0,0.0,1.23,1.34,6.64,1,14,35,57,34,12,2,0,16,28,54,31,10,5,1,179.0,15.33,241.0,1.0,0.81,23.0,165
Carvajal,2022-09-23,SSG 7v7,11.67,861.0,73.73,357.0,318.0,130.0,56.0,0.0,0.0,0.0,1.23,5.21,0,2,36,44,14,2,0,0,4,32,41,12,4,0,0,89.0,7.6,225.0,0.0,0.4,11.0,89
Militao,2022-09-23,SSG 7v7,11.67,883.0,75.62,341.0,318.0,131.0,77.0,15.0,0.0,1.29,1.26,6.77,1,22,34,38,20,14,8,0,15,25,47,23,8,5,2,164.0,14.01,260.0,2.0,0.72,25.0,148
Alaba,2022-09-23,SSG 7v7,11.67,886.0,75.92,333.0,380.0,121.0,41.0,10.0,0.0,0.84,1.27,6.28,1,11,26,51,23,7,3,1,17,31,45,18,10,6,1,120.0,10.28,228.0,2.0,0.56,19.0,110
Vallejo,2022-09-23,SSG 7v7,11.67,1102.0,94.42,317.0,374.0,211.0,167.0,33.0,0.0,2.86,1.57,6.81,4,19,23,41,24,11,8,0,16,24,36,27,7,7,2,251.0,21.47,388.0,2.0,1.02,33.0,217
Nacho,2022-09-23,SSG 7v7,11.67,833.0,71.38,386.0,237.0,117.0,70.0,23.0,0.0,1.98,1.19,6.84,2,19,26,27,22,14,4,1,15,24,32,19,7,5,3,154.0,13.2,227.0,1.0,0.66,24.0,131
Hazard,2022-09-23,SSG 7v7,11.67,904.0,77.42,357.0,327.0,113.0,82.0,25.0,0.0,2.14,1.29,6.56,2,24,25,43,21,21,3,0,13,23,60,18,8,3,2,165.0,14.12,259.0,2.0,0.71,17.0,140
Benzema,2022-09-23,SSG 7v7,11.67,994.0,85.17,320.0,427.0,188.0,58.0,1.0,0.0,0.1,1.42,5.77,0,9,44,47,32,7,2,0,16,22,50,33,14,2,0,166.0,14.19,216.0,0.0,0.79,18.0,164
Asensio,2022-09-14,SSG 8v8,18.34,1496.0,81.56,685.0,461.0,174.0,133.0,38.0,5.0,2.33,1.36,7.41,3,16,51,41,27,10,5,1,13,52,54,27,7,5,1,217.0,11.84,304.0,1.0,0.88,29.0,174
Marcelo,2022-09-14,SSG 8v8,18.34,1321.0,72.04,815.0,359.0,75.0,66.0,6.0,0.0,0.35,1.2,6.31,1,9,41,42,6,7,2,0,4,37,54,12,3,0,1,89.0,4.85,134.0,0.0,0.39,12.0,82
Valverde,2022-09-14,SSG 8v8,18.34,1645.0,89.7,631.0,418.0,250.0,198.0,123.0,24.0,8.04,1.49,7.83,12,23,37,40,21,14,7,2,20,41,37,25,13,4,3,362.0,19.71,384.0,3.0,1.3,38.0,214
Vasquez,2022-09-14,SSG 8v8,18.34,1479.0,80.61,622.0,440.0,187.0,147.0,67.0,16.0,4.54,1.34,7.84,6,15,55,53,25,11,4,0,16,45,53,26,7,7,2,270.0,14.72,342.0,3.0,1.06,29.0,187
Carvajal,2022-09-14,SSG 8v8,18.34,1651.0,90.03,650.0,511.0,230.0,140.0,104.0,16.0,6.52,1.5,7.45,6,8,45,43,17,5,3,0,5,33,50,16,5,0,0,259.0,14.12,515.0,0.0,0.95,27.0,139
Militao,2022-09-14,SSG 8v8,18.34,1516.0,82.64,648.0,477.0,223.0,152.0,15.0,0.0,0.81,1.38,6.13,2,20,47,41,28,17,3,0,17,43,43,22,11,5,1,224.0,12.23,352.0,1.0,0.96,29.0,209
Alaba,2022-09-14,SSG 8v8,18.34,1680.0,91.59,645.0,633.0,185.0,129.0,69.0,19.0,4.8,1.53,8.09,5,11,57,61,20,8,3,0,12,38,60,26,6,4,2,222.0,12.1,536.0,5.0,0.83,24.0,134
Nacho,2022-09-14,SSG 8v8,18.34,1504.0,82.01,683.0,403.0,198.0,130.0,80.0,11.0,4.94,1.37,8.39,9,15,38,33,21,9,6,0,9,37,48,26,7,0,2,243.0,13.26,284.0,2.0,0.9,26.0,152
Hazard,2022-09-14,SSG 8v8,18.34,1582.0,86.26,692.0,443.0,172.0,154.0,87.0,34.0,6.59,1.44,8.72,7,17,55,44,15,11,6,0,17,31,40,24,8,4,5,284.0,15.5,366.0,3.0,1.02,31.0,163
Benzema,2022-09-14,SSG 8v8,18.34,1878.0,102.41,660.0,542.0,293.0,245.0,111.0,27.0,7.53,1.71,8.0,9,17,41,43,20,14,2,1,18,22,41,25,9,6,3,379.0,20.68,614.0,5.0,1.38,38.0,241
Modric,2022-09-07,SSG 9v9,11.97,1288.0,107.57,271.0,573.0,281.0,136.0,28.0,0.0,2.3,1.79,6.79,2,12,25,42,19,7,5,0,13,22,39,23,10,2,1,205.0,17.16,525.0,0.0,0.84,29.0,178
Asensio,2022-09-07,SSG 9v9,11.97,1034.0,86.39,341.0,449.0,179.0,54.0,12.0,0.0,0.97,1.44,6.73,1,2,30,48,16,2,0,0,5,43,44,14,4,1,0,115.0,9.62,272.0,0.0,0.51,17.0,104
Camavinga,2022-09-07,SSG 9v9,11.97,1292.0,107.94,320.0,464.0,261.0,199.0,44.0,4.0,4.0,1.8,7.28,4,6,31,41,21,3,3,0,10,22,40,23,7,3,0,256.0,21.39,571.0,0.0,1.0,31.0,208
Marcelo,2022-09-07,SSG 9v9,11.97,1224.0,102.27,296.0,494.0,275.0,136.0,24.0,0.0,2.02,1.7,6.41,2,13,28,36,13,9,4,0,14,21,42,12,8,4,2,207.0,17.26,326.0,1.0,0.86,35.0,183
Vasquez,2022-09-07,SSG 9v9,11.97,1230.0,102.73,339.0,421.0,247.0,157.0,60.0,5.0,5.47,1.71,7.41,6,11,31,39,25,9,2,0,8,27,40,27,5,1,2,248.0,20.68,486.0,2.0,0.97,32.0,182
Carvajal,2022-09-07,SSG 9v9,11.97,1094.0,91.4,343.0,499.0,200.0,53.0,0.0,0.0,0.0,1.52,5.33,0,1,37,37,18,1,0,0,1,23,41,18,1,0,0,104.0,8.71,561.0,0.0,0.48,15.0,104
Militao,2022-09-07,SSG 9v9,11.97,1096.0,91.55,377.0,383.0,202.0,115.0,19.0,0.0,1.58,1.53,6.19,2,15,33,44,16,11,4,0,12,31,37,26,9,1,2,179.0,14.93,338.0,1.0,0.76,28.0,160
Alaba,2022-09-07,SSG 9v9,11.97,976.0,81.49,369.0,447.0,108.0,51.0,0.0,0.0,0.0,1.36,5.47,0,7,43,46,13,6,1,0,6,37,46,14,5,1,0,95.0,7.9,426.0,0.0,0.43,14.0,95
Vallejo,2022-09-07,SSG 9v9,11.97,1246.0,104.06,325.0,431.0,220.0,206.0,63.0,0.0,5.29,1.73,6.85,7,18,27,29,23,16,2,0,17,27,25,21,14,3,0,281.0,23.49,602.0,1.0,1.06,31.0,218
Nacho,2022-09-07,SSG 9v9,11.97,1075.0,89.81,421.0,327.0,152.0,93.0,72.0,10.0,6.85,1.5,7.7,6,8,28,22,12,4,3,1,6,29,21,10,3,3,0,182.0,15.21,308.0,2.0,0.66,17.0,100
Hazard,2022-09-07,SSG 9v9,11.97,1086.0,90.67,374.0,439.0,197.0,64.0,9.0,2.0,0.97,1.51,7.74,1,8,27,42,18,6,2,0,4,23,40,23,0,3,1,131.0,10.97,373.0,1.0,0.58,23.0,120
Kroos,2022-09-07,SSG 9v9,11.97,1230.0,102.7,371.0,404.0,196.0,185.0,72.0,2.0,6.23,1.71,7.53,9,23,32,25,15,16,7,0,7,31,41,25,6,1,0,258.0,21.52,416.0,4.0,0.98,27.0,183
Benzema,2022-09-07,SSG 9v9,11.97,1182.0,98.7,398.0,357.0,185.0,190.0,51.0,1.0,4.33,1.64,7.07,5,15,27,31,19,12,3,0,14,22,37,19,8,4,2,270.0,22.55,452.0,5.0,1.03,32.0,218
Asensio,2022-09-09,SSG 9v9,21.09,1772.0,84.01,655.0,791.0,254.0,66.0,6.0,0.0,0.28,1.4,6.26,1,8,67,86,36,7,1,0,25,52,85,22,18,7,0,170.0,8.04,514.0,0.0,0.8,22.0,164
Camavinga,2022-09-09,SSG 9v9,21.09,2150.0,101.94,640.0,740.0,446.0,263.0,55.0,6.0,2.87,1.7,7.41,5,14,47,68,27,11,3,0,14,39,69,26,11,3,0,344.0,16.31,784.0,0.0,1.35,42.0,283
Militao,2022-09-09,SSG 9v9,21.09,1961.0,92.99,688.0,575.0,285.0,302.0,92.0,20.0,5.28,1.55,7.66,9,25,50,54,23,18,5,2,23,30,50,26,15,4,4,413.0,19.56,717.0,5.0,1.54,49.0,301
Alaba,2022-09-09,SSG 9v9,21.09,1843.0,87.41,622.0,858.0,211.0,125.0,24.0,4.0,1.33,1.46,7.35,2,13,55,83,22,9,3,1,14,57,66,28,4,6,4,191.0,9.06,589.0,4.0,0.8,25.0,163
Nacho,2022-09-09,SSG 9v9,21.09,1742.0,82.62,862.0,388.0,207.0,223.0,43.0,19.0,2.94,1.38,7.89,4,18,51,26,16,14,3,1,10,39,45,18,7,2,1,269.0,12.75,341.0,0.0,1.02,33.0,207
Hazard,2022-09-09,SSG 9v9,21.09,1939.0,91.95,600.0,864.0,350.0,124.0,1.0,0.0,0.03,1.53,5.71,0,17,52,69,26,13,4,0,12,56,76,26,8,4,0,211.0,10.01,569.0,1.0,0.96,28.0,211
Kroos,2022-09-09,SSG 9v9,21.09,1672.0,79.28,650.0,613.0,235.0,140.0,33.0,1.0,1.61,1.32,7.38,4,30,54,64,29,19,9,2,19,45,83,24,12,6,1,267.0,12.68,440.0,2.0,1.14,37.0,233
Benzema,2022-09-09,SSG 9v9,21.09,1992.0,94.48,692.0,624.0,348.0,233.0,95.0,0.0,4.49,1.57,6.67,13,20,52,53,36,18,2,0,21,44,72,27,13,6,2,390.0,18.49,760.0,4.0,1.53,46.0,295
Valverde,2022-09-10,SSG 9v9,34.36,2409.0,70.09,1098.0,600.0,303.0,261.0,127.0,20.0,4.28,1.17,7.4,11,21,72,74,29,15,6,0,21,59,55,34,13,3,5,418.0,12.15,525.0,3.0,1.53,44.0,271
Vinicius Jr,2022-09-10,SSG 9v9,34.36,2404.0,69.96,920.0,813.0,436.0,224.0,8.0,3.0,0.33,1.17,7.51,1,12,58,87,32,12,0,0,14,60,79,22,9,3,2,273.0,7.94,516.0,1.0,1.2,37.0,262
Modric,2022-09-07,Warm Up,15.56,751.0,48.28,288.0,253.0,88.0,86.0,37.0,0.0,2.35,0.8,6.8,5,9,23,16,5,5,4,0,5,29,27,9,4,1,0,117.0,7.52,275.0,3.0,0.42,13.0,80
Asensio,2022-09-07,Warm Up,15.56,854.0,54.92,299.0,285.0,107.0,112.0,51.0,0.0,3.27,0.92,6.91,5,7,39,36,12,3,4,0,9,36,44,10,3,2,4,163.0,10.48,299.0,3.0,0.58,16.0,112
Camavinga,2022-09-07,Warm Up,15.56,795.0,51.14,246.0,285.0,142.0,91.0,26.0,6.0,2.02,0.85,7.36,3,6,18,16,5,3,3,0,6,20,16,6,3,1,2,118.0,7.6,375.0,3.0,0.43,12.0,87
Marcelo,2022-09-07,Warm Up,15.56,754.0,48.49,347.0,242.0,59.0,75.0,32.0,0.0,2.03,0.81,6.46,4,10,32,17,5,5,5,0,6,34,25,9,3,2,1,116.0,7.47,236.0,3.0,0.44,17.0,85
Vasquez,2022-09-07,Warm Up,15.56,767.0,49.33,305.0,227.0,72.0,106.0,52.0,6.0,3.7,0.82,7.73,6,13,32,24,11,10,3,0,12,37,27,6,2,5,5,164.0,10.57,536.0,3.0,0.59,17.0,107
Carvajal,2022-09-07,Warm Up,15.56,682.0,43.83,256.0,255.0,66.0,70.0,35.0,0.0,2.23,0.73,6.9,4,3,12,14,3,1,2,0,5,17,16,4,3,1,1,107.0,6.87,288.0,1.0,0.38,11.0,72
Militao,2022-09-07,Warm Up,15.56,750.0,48.25,295.0,197.0,86.0,98.0,74.0,0.0,4.76,0.8,6.96,7,11,32,24,9,2,7,2,15,27,24,6,11,1,3,162.0,10.41,245.0,5.0,0.57,16.0,88
Alaba,2022-09-07,Warm Up,15.56,807.0,51.91,273.0,277.0,77.0,115.0,64.0,1.0,4.24,0.87,7.05,6,10,38,20,8,8,2,0,7,36,31,8,5,0,2,158.0,10.19,398.0,3.0,0.56,17.0,93
Vallejo,2022-09-07,Warm Up,15.56,702.0,45.11,252.0,199.0,85.0,103.0,59.0,3.0,3.97,0.75,7.19,6,12,28,32,10,9,3,0,12,35,35,6,8,2,2,164.0,10.53,482.0,3.0,0.58,16.0,102
Nacho,2022-09-07,Warm Up,15.56,681.0,43.76,293.0,182.0,78.0,80.0,47.0,0.0,3.05,0.73,6.71,5,11,37,21,9,6,3,2,6,29,32,7,4,2,0,133.0,8.57,184.0,3.0,0.5,13.0,86
Kroos,2022-09-07,Warm Up,15.56,742.0,47.69,254.0,297.0,91.0,64.0,32.0,4.0,2.28,0.79,7.66,3,15,31,28,4,7,7,1,9,19,31,8,3,3,3,123.0,7.88,327.0,3.0,0.47,16.0,87
Isco,2022-09-09,Warm Up,13.79,781.0,56.61,168.0,202.0,180.0,150.0,74.0,6.0,5.81,0.94,7.29,6,13,27,23,8,10,3,0,12,29,22,7,7,2,3,203.0,14.71,394.0,4.0,0.73,21.0,123
Modric,2022-09-09,Warm Up,13.79,950.0,68.86,345.0,352.0,101.0,106.0,45.0,0.0,3.24,1.15,6.79,4,11,40,46,9,7,3,1,9,42,43,8,8,1,0,157.0,11.36,654.0,1.0,0.6,20.0,112
Asensio,2022-09-09,Warm Up,13.79,987.0,71.58,273.0,417.0,107.0,134.0,54.0,3.0,4.14,1.19,7.22,6,14,50,44,10,7,6,1,6,35,75,7,2,2,2,170.0,12.33,476.0,3.0,0.64,19.0,113
Camavinga,2022-09-09,Warm Up,13.79,1012.0,73.36,331.0,362.0,127.0,109.0,73.0,9.0,5.97,1.22,7.65,5,12,46,39,11,8,4,0,6,45,43,10,3,2,1,170.0,12.31,368.0,2.0,0.6,17.0,87
Marcelo,2022-09-09,Warm Up,13.79,970.0,70.3,368.0,383.0,105.0,84.0,29.0,1.0,2.18,1.17,7.29,4,10,59,34,9,9,1,0,7,56,46,6,5,0,2,131.0,9.47,514.0,1.0,0.5,12.0,101
Vasquez,2022-09-09,Warm Up,13.79,939.0,68.07,273.0,328.0,174.0,79.0,68.0,16.0,6.1,1.13,7.9,6,13,47,31,13,10,3,0,6,31,45,11,3,2,1,169.0,12.23,632.0,2.0,0.62,16.0,84
Carvajal,2022-09-09,Warm Up,13.79,933.0,67.67,281.0,397.0,121.0,61.0,72.0,1.0,5.32,1.13,7.07,5,7,36,38,8,6,1,0,4,45,38,5,3,1,0,142.0,10.28,601.0,0.0,0.5,15.0,68
Alaba,2022-09-09,Warm Up,13.79,1042.0,75.53,324.0,380.0,129.0,159.0,49.0,0.0,3.58,1.26,6.58,4,10,55,57,13,7,2,1,7,52,64,14,4,3,0,189.0,13.72,444.0,4.0,0.73,19.0,140
Vallejo,2022-09-09,Warm Up,13.79,1001.0,72.56,283.0,406.0,103.0,136.0,57.0,16.0,5.28,1.21,8.07,6,13,30,47,10,6,6,1,8,47,47,12,4,3,1,184.0,13.36,715.0,5.0,0.68,17.0,111
Nacho,2022-09-09,Warm Up,13.79,912.0,66.16,303.0,368.0,121.0,99.0,20.0,0.0,1.48,1.1,6.7,2,8,42,36,14,6,2,0,4,44,47,12,4,0,0,137.0,9.96,280.0,0.0,0.56,17.0,117
Isco,2022-09-14,Warm Up,10.4,995.0,95.6,221.0,520.0,133.0,59.0,60.0,0.0,5.76,1.59,6.99,6,8,42,24,4,4,4,0,3,38,35,5,2,1,0,101.0,9.73,507.0,1.0,0.34,8.0,41
Modric,2022-09-14,Warm Up,10.4,863.0,82.9,301.0,410.0,62.0,61.0,28.0,0.0,2.73,1.38,6.35,4,0,36,22,10,0,0,0,6,34,32,5,3,2,1,97.0,9.32,379.0,1.0,0.36,8.0,69
Asensio,2022-09-14,Warm Up,10.4,970.0,93.18,246.0,516.0,129.0,39.0,39.0,0.0,3.77,1.55,6.78,5,3,36,28,6,1,2,0,4,37,40,2,3,1,0,84.0,8.08,407.0,1.0,0.3,8.0,45
Marcelo,2022-09-14,Warm Up,10.4,926.0,89.02,276.0,525.0,42.0,43.0,40.0,0.0,3.88,1.48,6.49,5,1,33,31,9,1,0,0,2,27,39,7,2,0,0,77.0,7.36,272.0,1.0,0.27,7.0,36
Casemiro,2022-09-14,Warm Up,10.4,981.0,94.3,282.0,518.0,81.0,35.0,60.0,4.0,6.22,1.57,7.2,5,3,29,49,4,3,0,0,7,37,45,7,3,1,3,102.0,9.76,276.0,1.0,0.32,7.0,37
Valverde,2022-09-14,Warm Up,10.4,918.0,88.21,279.0,448.0,111.0,29.0,42.0,9.0,4.88,1.47,7.49,4,4,48,33,2,3,1,0,6,40,37,4,2,2,2,77.0,7.37,357.0,1.0,0.25,6.0,26
Vasquez,2022-09-14,Warm Up,10.4,966.0,92.82,229.0,468.0,121.0,83.0,50.0,15.0,6.27,1.55,7.71,6,6,28,46,8,2,4,0,5,28,52,4,2,1,2,121.0,11.66,384.0,1.0,0.41,10.0,56
Carvajal,2022-09-14,Warm Up,10.4,955.0,91.74,247.0,549.0,80.0,48.0,32.0,0.0,3.07,1.53,6.4,4,1,40,27,5,1,0,0,2,31,34,4,2,0,0,83.0,7.94,456.0,1.0,0.3,8.0,51
Militao,2022-09-14,Warm Up,10.4,936.0,89.94,190.0,545.0,108.0,37.0,55.0,1.0,5.36,1.5,7.06,5,6,29,31,6,3,2,1,4,15,45,4,3,1,0,94.0,9.08,382.0,1.0,0.33,10.0,39
Alaba,2022-09-14,Warm Up,10.4,935.0,89.86,228.0,530.0,92.0,51.0,34.0,0.0,3.28,1.5,6.68,4,4,52,29,4,2,2,0,3,29,48,5,2,1,0,81.0,7.75,691.0,1.0,0.29,8.0,47
Vallejo,2022-09-14,Warm Up,10.4,974.0,93.58,258.0,500.0,99.0,53.0,61.0,3.0,6.11,1.56,7.23,6,8,39,30,3,6,2,0,2,52,26,8,2,0,0,107.0,10.31,784.0,3.0,0.36,8.0,44
Nacho,2022-09-14,Warm Up,10.4,913.0,87.78,245.0,469.0,99.0,63.0,37.0,0.0,3.54,1.46,6.69,4,3,36,18,4,3,0,0,4,30,29,1,3,1,0,84.0,8.06,277.0,1.0,0.29,8.0,47
Hazard,2022-09-14,Warm Up,10.4,1008.0,96.92,224.0,563.0,128.0,49.0,44.0,0.0,4.26,1.62,6.88,5,3,34,29,6,3,0,0,4,30,38,5,2,2,0,90.0,8.67,383.0,1.0,0.32,9.0,46
Kroos,2022-09-14,Warm Up,10.4,958.0,92.08,266.0,493.0,82.0,43.0,64.0,11.0,7.17,1.53,7.51,6,8,30,41,4,5,3,0,3,23,40,12,2,1,0,100.0,9.58,674.0,4.0,0.31,8.0,25
Benzema,2022-09-14,Warm Up,10.4,985.0,94.67,209.0,514.0,135.0,59.0,66.0,1.0,6.52,1.58,7.09,6,5,31,36,11,3,2,0,6,23,53,8,1,3,2,129.0,12.39,467.0,1.0,0.45,13.0,61
Isco,2022-09-15,Warm Up,15.53,844.0,54.33,275.0,414.0,66.0,49.0,38.0,1.0,2.53,0.91,7.21,4,6,27,16,1,4,2,0,3,42,22,3,2,0,1,90.0,5.77,408.0,0.0,0.32,8.0,50
Asensio,2022-09-15,Warm Up,15.53,838.0,53.94,297.0,385.0,49.0,59.0,47.0,0.0,3.05,0.9,6.99,6,6,31,25,1,6,0,0,6,45,19,0,0,3,3,95.0,6.14,329.0,1.0,0.33,8.0,48
Camavinga,2022-09-15,Warm Up,15.53,830.0,53.43,306.0,378.0,49.0,63.0,34.0,0.0,2.16,0.89,6.96,4,8,27,11,3,5,3,0,2,40,11,4,0,1,1,78.0,5.02,331.0,3.0,0.28,8.0,44
Marcelo,2022-09-15,Warm Up,15.53,776.0,49.96,275.0,354.0,48.0,57.0,41.0,1.0,2.71,0.83,7.16,4,5,18,11,2,5,0,0,4,31,13,2,2,2,0,82.0,5.28,340.0,0.0,0.28,7.0,40
Casemiro,2022-09-15,Warm Up,15.53,904.0,58.2,330.0,372.0,83.0,75.0,44.0,0.0,2.85,0.97,6.57,6,9,32,26,1,6,3,0,6,37,25,4,2,2,2,109.0,7.0,407.0,4.0,0.4,10.0,64
Valverde,2022-09-15,Warm Up,13.44,579.0,43.06,228.0,178.0,132.0,28.0,11.0,1.0,0.96,0.72,7.34,1,4,30,9,4,3,1,0,2,27,12,5,1,0,1,50.0,3.69,228.0,1.0,0.2,5.0,37
Vasquez,2022-09-15,Warm Up,15.53,826.0,53.16,330.0,350.0,40.0,65.0,40.0,1.0,2.62,0.89,7.02,6,7,30,22,3,5,2,0,7,39,21,2,4,2,1,103.0,6.64,309.0,2.0,0.38,10.0,62
Carvajal,2022-09-15,Warm Up,15.53,852.0,54.89,292.0,396.0,69.0,68.0,27.0,0.0,1.73,0.91,6.64,5,7,22,11,2,6,1,0,4,22,17,3,3,0,1,90.0,5.78,356.0,0.0,0.34,9.0,63
Militao,2022-09-15,Warm Up,15.53,790.0,50.9,221.0,353.0,70.0,89.0,57.0,0.0,3.69,0.85,6.85,6,9,24,11,4,4,4,1,8,26,13,4,3,4,1,131.0,8.46,445.0,5.0,0.47,12.0,74
Alaba,2022-09-15,Warm Up,15.53,766.0,49.34,282.0,348.0,61.0,53.0,24.0,0.0,1.51,0.82,6.54,4,6,38,12,2,5,1,0,3,40,14,5,1,2,0,75.0,4.82,253.0,2.0,0.28,8.0,51
Vallejo,2022-09-15,Warm Up,15.53,785.0,50.56,290.0,343.0,49.0,69.0,34.0,0.0,2.22,0.84,6.93,5,9,22,19,2,4,5,0,7,34,17,3,0,5,2,102.0,6.58,403.0,5.0,0.38,8.0,68
Nacho,2022-09-15,Warm Up,15.53,876.0,56.41,357.0,335.0,74.0,91.0,19.0,0.0,1.22,0.94,6.54,3,8,34,17,2,6,2,0,3,37,16,8,0,2,1,96.0,6.2,400.0,2.0,0.37,11.0,77
Hazard,2022-09-15,Warm Up,15.53,816.0,52.53,358.0,314.0,45.0,52.0,46.0,0.0,2.98,0.87,6.91,6,8,34,18,0,5,3,0,5,31,23,2,1,3,1,83.0,5.36,272.0,4.0,0.29,7.0,37
Kroos,2022-09-15,Warm Up,15.53,843.0,54.26,330.0,345.0,66.0,56.0,43.0,3.0,2.95,0.9,7.29,5,9,35,14,1,5,4,0,7,44,14,3,1,5,1,100.0,6.45,225.0,4.0,0.37,9.0,54
Benzema,2022-09-15,Warm Up,15.53,894.0,57.58,242.0,356.0,135.0,89.0,53.0,18.0,4.62,0.96,7.84,6,6,37,25,6,4,2,0,6,38,36,4,4,1,1,142.0,9.12,513.0,3.0,0.48,13.0,70
Isco,2022-09-16,Warm Up,11.56,775.0,67.01,207.0,368.0,125.0,69.0,6.0,0.0,0.48,1.12,6.83,0,2,20,17,11,1,1,0,0,23,26,4,0,0,0,61.0,5.26,353.0,1.0,0.26,11.0,55
Modric,2022-09-16,Warm Up,11.56,494.0,42.75,260.0,165.0,42.0,25.0,2.0,0.0,0.2,0.71,5.95,1,4,20,9,6,4,0,0,0,34,16,5,0,0,0,47.0,4.06,432.0,0.0,0.21,6.0,45
Asensio,2022-09-16,Warm Up,11.56,708.0,61.29,180.0,415.0,77.0,36.0,0.0,0.0,0.0,1.02,5.42,0,2,29,35,8,2,0,0,1,32,35,4,1,0,0,55.0,4.75,400.0,0.0,0.24,8.0,55
Camavinga,2022-09-16,Warm Up,11.56,674.0,58.29,166.0,379.0,103.0,26.0,0.0,0.0,0.0,0.97,4.84,0,0,23,15,2,0,0,0,0,28,9,4,0,0,0,27.0,2.31,192.0,0.0,0.12,6.0,27
Casemiro,2022-09-16,Warm Up,11.56,523.0,45.23,255.0,215.0,23.0,28.0,2.0,0.0,0.15,0.75,5.81,0,7,32,30,2,5,2,0,1,31,26,8,0,0,1,41.0,3.52,186.0,0.0,0.17,6.0,39
Valverde,2022-09-16,Warm Up,11.56,693.0,59.91,233.0,330.0,98.0,32.0,0.0,0.0,0.0,1.0,5.19,0,1,21,18,8,1,0,0,3,28,19,3,3,0,0,55.0,4.74,395.0,0.0,0.24,9.0,55
Vasquez,2022-09-16,Warm Up,11.56,617.0,53.41,230.0,235.0,82.0,64.0,6.0,0.0,0.54,0.89,5.94,1,7,31,27,7,5,2,0,3,44,29,7,3,0,0,83.0,7.21,178.0,0.0,0.34,12.0,77
Carvajal,2022-09-16,Warm Up,11.56,686.0,59.37,156.0,389.0,71.0,69.0,1.0,0.0,0.1,0.99,5.54,0,0,16,16,8,0,0,0,1,23,19,4,1,0,0,78.0,6.78,328.0,0.0,0.3,10.0,77
Militao,2022-09-16,Warm Up,11.56,522.0,45.14,235.0,205.0,47.0,35.0,0.0,0.0,0.0,0.75,5.0,0,2,20,12,5,2,0,0,0,15,12,9,0,0,0,48.0,4.18,263.0,0.0,0.2,9.0,48
Alaba,2022-09-16,Warm Up,11.56,553.0,47.88,226.0,267.0,30.0,30.0,0.0,0.0,0.0,0.8,5.4,0,1,34,34,3,1,0,0,0,42,25,7,0,0,0,35.0,3.0,274.0,0.0,0.14,6.0,35
Nacho,2022-09-16,Warm Up,11.56,493.0,42.68,254.0,187.0,33.0,19.0,0.0,0.0,0.0,0.71,5.19,0,3,40,28,3,3,0,0,1,26,31,5,1,0,0,40.0,3.46,108.0,0.0,0.18,6.0,40
Hazard,2022-09-16,Warm Up,11.56,646.0,55.89,227.0,331.0,51.0,37.0,0.0,0.0,0.0,0.93,5.47,0,3,32,18,3,3,0,0,0,22,27,4,0,0,0,47.0,4.06,316.0,0.0,0.19,8.0,47
Kroos,2022-09-16,Warm Up,11.56,705.0,60.97,161.0,457.0,69.0,16.0,1.0,0.0,0.05,1.02,5.58,0,2,36,24,8,2,0,0,1,34,30,5,1,0,0,41.0,3.52,322.0,0.0,0.18,5.0,40
Benzema,2022-09-16,Warm Up,11.56,677.0,58.53,182.0,368.0,90.0,36.0,0.0,0.0,0.0,0.98,5.21,0,2,23,31,15,2,0,0,0,26,44,11,0,0,0,66.0,5.7,494.0,0.0,0.28,12.0,66
Carvajal,2022-09-17,Warm Up,15.8,767.0,48.57,253.0,232.0,145.0,47.0,74.0,16.0,5.72,0.81,7.35,3,4,51,20,2,1,3,0,0,49,29,3,0,0,0,97.0,6.11,288.0,1.0,0.28,5.0,6
Modric,2022-09-18,Warm Up,13.56,824.0,60.76,413.0,240.0,77.0,59.0,32.0,3.0,2.58,1.01,7.44,5,9,38,17,14,5,2,2,6,29,35,11,4,2,0,110.0,8.08,380.0,3.0,0.43,13.0,75
Nacho,2022-09-18,Warm Up,13.56,766.0,56.54,334.0,244.0,80.0,78.0,24.0,7.0,2.25,0.94,7.46,3,10,35,17,17,4,4,2,6,36,34,7,3,3,0,121.0,8.9,277.0,3.0,0.47,13.0,90
Benzema,2022-09-18,Warm Up,13.56,932.0,68.73,286.0,390.0,135.0,91.0,27.0,2.0,2.16,1.15,7.11,3,9,40,51,19,5,3,1,10,43,62,19,6,4,0,149.0,10.99,472.0,3.0,0.61,19.0,120
Isco,2022-09-21,Warm Up,11.43,749.0,65.49,241.0,321.0,131.0,52.0,5.0,0.0,0.4,1.09,5.83,1,3,33,25,20,2,0,1,4,26,42,13,1,2,1,102.0,8.96,445.0,0.0,0.46,16.0,98
Modric,2022-09-21,Warm Up,11.43,858.0,75.11,296.0,257.0,110.0,143.0,53.0,0.0,4.61,1.25,6.13,3,9,36,26,11,8,1,0,6,30,36,9,6,0,0,149.0,13.07,529.0,0.0,0.58,14.0,97
Asensio,2022-09-21,Warm Up,11.43,904.0,79.1,209.0,368.0,200.0,123.0,5.0,0.0,0.41,1.32,6.11,1,10,28,56,17,10,0,0,13,38,62,10,9,3,1,154.0,13.45,355.0,0.0,0.66,21.0,149
Camavinga,2022-09-21,Warm Up,11.43,897.0,78.45,284.0,394.0,158.0,57.0,3.0,0.0,0.25,1.31,5.69,0,8,28,27,14,7,1,0,5,29,33,11,4,1,0,104.0,9.1,280.0,0.0,0.47,11.0,101
Marcelo,2022-09-21,Warm Up,11.43,878.0,76.78,298.0,377.0,152.0,48.0,2.0,0.0,0.2,1.28,5.69,0,6,35,24,14,5,1,0,3,29,38,12,2,1,0,93.0,8.17,420.0,0.0,0.43,13.0,91
Casemiro,2022-09-21,Warm Up,11.43,853.0,74.64,293.0,379.0,104.0,76.0,2.0,0.0,0.2,1.24,5.62,0,7,39,39,22,5,2,0,12,51,52,12,5,4,3,131.0,11.49,368.0,1.0,0.58,20.0,129
Valverde,2022-09-21,Warm Up,11.43,751.0,65.73,219.0,351.0,97.0,82.0,2.0,0.0,0.15,1.1,5.78,0,8,40,39,15,6,2,0,7,40,38,12,4,2,1,112.0,9.79,218.0,0.0,0.47,16.0,110
Tchouameni,2022-09-21,Warm Up,11.43,743.0,65.04,272.0,306.0,98.0,67.0,2.0,0.0,0.15,1.08,5.6,0,10,33,41,25,9,1,0,11,39,54,15,8,3,0,123.0,10.73,325.0,1.0,0.55,16.0,121
Militao,2022-09-21,Warm Up,11.43,785.0,68.7,271.0,327.0,112.0,66.0,9.0,0.0,0.78,1.14,6.33,1,10,39,30,15,8,2,0,8,29,43,12,6,1,1,111.0,9.73,363.0,0.0,0.49,16.0,102
Vallejo,2022-09-21,Warm Up,11.43,738.0,64.57,249.0,317.0,121.0,50.0,1.0,0.0,0.05,1.08,5.72,0,12,39,29,24,9,3,0,5,43,50,18,2,1,2,113.0,9.92,341.0,0.0,0.54,17.0,113
Nacho,2022-09-21,Warm Up,11.43,732.0,64.04,296.0,280.0,113.0,43.0,0.0,0.0,0.0,1.07,5.03,0,4,41,27,21,3,1,0,7,39,42,12,5,2,0,105.0,9.2,187.0,0.0,0.48,19.0,105
Kroos,2022-09-21,Warm Up,11.43,809.0,70.74,238.0,393.0,127.0,49.0,0.0,0.0,0.0,1.18,5.0,0,11,38,43,16,9,2,0,8,39,55,10,5,2,1,116.0,10.15,259.0,0.0,0.54,17.0,116
Benzema,2022-09-21,Warm Up,11.43,920.0,80.51,226.0,463.0,147.0,72.0,12.0,0.0,1.02,1.34,6.78,1,6,34,41,31,5,1,0,14,37,58,20,10,3,1,147.0,12.86,597.0,1.0,0.65,19.0,135
Asensio,2022-09-22,Warm Up,16.04,1283.0,80.0,283.0,758.0,99.0,65.0,61.0,17.0,4.88,1.33,7.7,6,7,49,41,4,3,3,1,4,38,51,7,2,2,0,139.0,8.67,646.0,3.0,0.45,11.0,61
Valverde,2022-09-22,Warm Up,16.04,883.0,55.07,215.0,368.0,143.0,84.0,55.0,17.0,4.5,0.92,7.66,5,10,35,30,4,5,3,2,8,21,32,13,1,3,4,150.0,9.33,258.0,4.0,0.52,11.0,77
Hazard,2022-09-22,Warm Up,16.04,1220.0,76.05,294.0,706.0,79.0,54.0,61.0,26.0,5.4,1.27,7.76,6,7,44,23,5,3,2,2,5,39,35,5,1,2,2,139.0,8.66,369.0,4.0,0.45,11.0,52
Benzema,2022-09-22,Warm Up,16.04,1266.0,78.92,238.0,742.0,142.0,66.0,56.0,22.0,4.86,1.32,7.57,5,5,48,41,4,1,2,2,5,52,53,5,1,3,1,136.0,8.47,695.0,4.0,0.43,11.0,58
Modric,2022-09-23,Warm Up,7.43,785.0,105.58,107.0,558.0,70.0,46.0,3.0,0.0,0.46,1.76,5.85,1,2,21,7,1,0,1,1,1,17,8,2,1,0,0,37.0,5.01,362.0,0.0,0.15,5.0,34
Marcelo,2022-09-23,Warm Up,7.43,724.0,97.46,101.0,516.0,53.0,49.0,6.0,0.0,0.84,1.62,6.0,2,2,25,7,0,1,1,0,1,22,12,2,1,0,0,36.0,4.86,305.0,0.0,0.13,3.0,30
Casemiro,2022-09-23,Warm Up,7.43,840.0,112.96,102.0,610.0,62.0,52.0,12.0,0.0,1.68,1.88,6.45,1,2,19,13,0,1,1,0,1,22,18,2,1,0,0,45.0,6.0,308.0,0.0,0.15,3.0,32
Valverde,2022-09-23,Warm Up,7.43,849.0,114.25,106.0,571.0,109.0,53.0,10.0,0.0,1.28,1.9,5.83,1,0,19,8,4,0,0,0,2,18,9,0,1,1,0,45.0,6.08,296.0,0.0,0.17,4.0,36
Tchouameni,2022-09-23,Warm Up,7.43,885.0,119.0,93.0,600.0,113.0,38.0,40.0,0.0,5.37,1.98,6.78,3,2,16,13,3,1,0,1,1,17,15,1,1,0,0,62.0,8.32,344.0,0.0,0.21,7.0,22
Militao,2022-09-23,Warm Up,7.43,892.0,119.98,81.0,650.0,88.0,51.0,22.0,0.0,2.89,2.0,6.89,2,3,15,6,0,2,0,1,1,17,8,2,0,1,0,46.0,6.17,631.0,1.0,0.15,5.0,24
Alaba,2022-09-23,Warm Up,7.43,871.0,117.16,94.0,630.0,75.0,51.0,21.0,0.0,2.77,1.95,6.12,2,2,25,11,0,1,0,1,2,17,13,1,1,1,0,50.0,6.7,217.0,1.0,0.17,4.0,29
Vallejo,2022-09-23,Warm Up,7.43,853.0,114.78,85.0,623.0,75.0,36.0,32.0,2.0,4.62,1.91,7.32,3,2,24,12,0,0,1,1,2,20,15,2,2,0,0,50.0,6.73,542.0,1.0,0.16,3.0,16
Nacho,2022-09-23,Warm Up,7.43,858.0,115.42,95.0,608.0,89.0,39.0,27.0,0.0,3.68,1.92,6.85,2,2,13,10,0,1,0,1,2,16,13,0,2,0,0,46.0,6.14,444.0,1.0,0.14,3.0,18
Hazard,2022-09-23,Warm Up,7.43,849.0,114.24,107.0,614.0,75.0,33.0,21.0,0.0,2.8,1.9,6.77,2,2,10,13,0,0,2,0,2,13,18,1,2,0,0,42.0,5.62,406.0,0.0,0.15,5.0,21
Modric,2022-09-24,Warm Up,15.82,935.0,59.06,322.0,311.0,132.0,167.0,3.0,0.0,0.18,0.98,5.73,0,18,29,18,15,9,7,2,10,34,35,11,7,3,0,178.0,11.28,427.0,4.0,0.72,23.0,176
Asensio,2022-09-24,Warm Up,15.82,974.0,61.57,249.0,457.0,138.0,99.0,31.0,1.0,2.01,1.03,7.13,4,15,36,45,11,11,3,1,11,43,54,7,4,5,2,165.0,10.41,415.0,4.0,0.65,21.0,133
Camavinga,2022-09-24,Warm Up,15.82,980.0,61.96,263.0,441.0,139.0,110.0,26.0,0.0,1.67,1.03,6.56,3,11,46,20,12,7,4,0,9,32,40,11,5,2,2,151.0,9.57,363.0,3.0,0.62,20.0,125
Marcelo,2022-09-24,Warm Up,15.82,934.0,59.04,289.0,442.0,84.0,66.0,37.0,14.0,3.28,0.98,7.58,3,8,32,25,8,6,1,1,8,43,26,10,6,0,2,126.0,7.99,255.0,1.0,0.47,15.0,74
Carvajal,2022-09-24,Warm Up,15.82,866.0,54.72,234.0,360.0,119.0,141.0,12.0,0.0,0.77,0.91,6.29,2,12,23,23,6,6,4,2,7,33,32,5,6,0,1,161.0,10.19,274.0,1.0,0.64,23.0,149
Militao,2022-09-24,Warm Up,15.82,1059.0,66.93,309.0,370.0,128.0,172.0,59.0,22.0,5.12,1.12,7.76,6,20,31,25,14,15,5,0,13,35,41,9,7,1,5,247.0,15.61,482.0,5.0,0.93,28.0,166
Alaba,2022-09-24,Warm Up,15.82,1015.0,64.12,330.0,391.0,134.0,110.0,19.0,31.0,3.15,1.07,8.28,2,12,43,36,15,7,3,2,9,64,42,10,3,4,2,191.0,12.06,466.0,3.0,0.72,22.0,141
Nacho,2022-09-24,Warm Up,15.82,1087.0,68.67,326.0,367.0,179.0,162.0,39.0,13.0,3.3,1.14,7.44,3,14,38,27,21,10,4,0,13,45,39,17,12,1,0,239.0,15.11,486.0,2.0,0.95,26.0,187
Isco,2022-09-25,Warm Up,14.28,968.0,67.77,314.0,435.0,155.0,60.0,2.0,0.0,0.16,1.13,5.71,0,6,43,25,10,5,1,0,3,56,31,7,3,0,0,60.0,4.17,360.0,0.0,0.27,11.0,57
Asensio,2022-09-25,Warm Up,14.28,987.0,69.12,302.0,509.0,150.0,25.0,1.0,0.0,0.08,1.15,5.77,0,11,53,32,11,4,5,2,8,68,49,7,7,1,0,68.0,4.78,311.0,1.0,0.32,11.0,67
Camavinga,2022-09-25,Warm Up,14.28,952.0,66.69,324.0,421.0,152.0,37.0,18.0,0.0,1.29,1.11,6.93,2,8,37,15,7,6,1,1,2,51,14,7,1,1,0,67.0,4.72,181.0,1.0,0.28,9.0,49
Marcelo,2022-09-25,Warm Up,14.28,977.0,68.4,321.0,486.0,129.0,28.0,12.0,0.0,0.87,1.14,6.48,1,13,41,29,8,8,5,0,7,35,49,9,7,0,0,73.0,5.09,454.0,0.0,0.32,11.0,60
Casemiro,2022-09-25,Warm Up,14.28,1081.0,75.71,407.0,497.0,118.0,56.0,3.0,0.0,0.2,1.26,6.21,1,16,59,33,14,8,7,1,17,51,41,12,12,3,2,114.0,7.95,401.0,1.0,0.51,16.0,111
Tchouameni,2022-09-25,Warm Up,14.28,992.0,69.5,355.0,483.0,123.0,31.0,0.0,0.0,0.0,1.16,5.29,0,14,37,32,13,4,8,2,8,59,33,14,7,1,0,73.0,5.09,343.0,1.0,0.34,14.0,73
Carvajal,2022-09-25,Warm Up,14.28,909.0,63.64,320.0,473.0,108.0,8.0,0.0,0.0,0.0,1.06,4.63,0,4,48,31,8,3,1,0,1,49,46,3,1,0,0,39.0,2.72,427.0,0.0,0.2,6.0,39
Militao,2022-09-25,Warm Up,14.28,912.0,63.86,279.0,493.0,107.0,30.0,2.0,0.0,0.16,1.06,5.66,0,5,47,28,9,2,3,0,2,32,43,8,0,1,1,62.0,4.37,369.0,1.0,0.28,10.0,60
Alaba,2022-09-25,Warm Up,14.28,907.0,63.55,349.0,439.0,108.0,11.0,0.0,0.0,0.0,1.06,5.12,0,9,78,50,11,5,3,1,2,73,57,14,1,0,1,41.0,2.89,450.0,0.0,0.2,6.0,41
Vallejo,2022-09-25,Warm Up,14.28,932.0,65.25,311.0,513.0,90.0,17.0,0.0,0.0,0.0,1.09,4.7,0,7,35,29,7,6,1,0,1,45,38,4,0,1,0,42.0,2.97,467.0,0.0,0.21,7.0,42
Nacho,2022-09-25,Warm Up,14.28,886.0,62.04,351.0,436.0,89.0,10.0,0.0,0.0,0.0,1.03,4.73,0,8,46,15,5,5,3,0,3,37,26,7,2,1,0,40.0,2.82,279.0,0.0,0.2,8.0,40
Hazard,2022-09-25,Warm Up,14.28,843.0,59.01,357.0,451.0,29.0,5.0,0.0,0.0,0.0,0.98,4.79,0,7,51,31,9,3,4,0,3,62,42,14,3,0,0,35.0,2.47,161.0,0.0,0.18,7.0,35
Kroos,2022-09-25,Warm Up,14.28,966.0,67.65,257.0,467.0,177.0,63.0,2.0,0.0,0.12,1.13,5.82,0,14,49,46,14,5,7,2,8,38,59,14,6,2,0,99.0,6.94,295.0,2.0,0.45,13.0,97
Benzema,2022-09-25,Warm Up,14.28,1033.0,72.33,371.0,508.0,122.0,31.0,1.0,0.0,0.04,1.21,5.58,0,13,41,43,11,12,1,0,10,58,55,10,4,6,0,81.0,5.64,429.0,1.0,0.38,14.0,80
Modric,2022-09-28,Warm Up,15.43,522.0,33.85,264.0,195.0,45.0,18.0,0.0,0.0,0.0,0.56,5.24,0,5,51,32,8,1,2,2,4,39,41,2,2,2,0,26.0,1.7,258.0,0.0,0.12,4.0,26
Casemiro,2022-09-28,Warm Up,15.43,723.0,46.86,330.0,293.0,77.0,21.0,2.0,0.0,0.11,0.78,5.88,1,20,54,34,11,13,6,1,12,46,45,15,7,4,1,79.0,5.11,285.0,2.0,0.39,8.0,77
Carvajal,2022-09-28,Warm Up,15.43,669.0,43.38,225.0,244.0,60.0,44.0,63.0,33.0,6.22,0.72,8.05,4,8,35,15,2,6,1,1,2,35,19,5,0,1,1,113.0,7.33,280.0,2.0,0.36,7.0,17
Militao,2022-09-28,Warm Up,15.43,840.0,54.46,329.0,247.0,65.0,116.0,60.0,23.0,5.37,0.91,8.25,4,15,44,33,10,9,4,2,9,47,32,12,4,2,3,154.0,9.99,505.0,5.0,0.55,12.0,71
Alaba,2022-09-28,Warm Up,15.43,833.0,53.97,350.0,259.0,49.0,74.0,95.0,5.0,6.51,0.9,7.31,4,9,60,43,7,5,4,0,7,61,38,7,4,1,2,147.0,9.55,334.0,2.0,0.5,9.0,47
Nacho,2022-09-28,Warm Up,15.43,556.0,36.02,289.0,220.0,41.0,6.0,0.0,0.0,0.0,0.6,5.05,0,4,58,38,8,4,0,0,4,67,38,6,4,0,0,19.0,1.23,163.0,0.0,0.1,3.0,19
Benzema,2022-09-28,Warm Up,15.43,799.0,51.77,337.0,312.0,121.0,29.0,0.0,0.0,0.0,0.86,5.13,0,23,48,51,20,13,9,1,16,68,49,25,8,5,3,98.0,6.32,344.0,3.0,0.48,13.0,98
Militao,2022-09-30,Warm Up,9.42,752.0,79.81,278.0,265.0,69.0,92.0,48.0,0.0,5.1,1.33,6.61,6,9,25,24,3,3,4,2,6,31,22,6,5,1,0,129.0,13.72,220.0,1.0,0.46,14.0,81
