Player Name,Height,Weight,Classification Category,Disability Type,Speed (m/s),Acceleration,Distance Covered (m),Training Volume (min/day),Training Intensity (1–10),Heart Rate (bpm),Sleep Duration (hrs),Pain Scale
Youssef,189,66,T54,Limb Deficiency,3.54,0.95,2803,45,4,138,7.3,2
Omar,165,59,T42,Impaired Muscle Power,3.2,0.53,622,88,4,121,7.6,3
Khalid,159,69,F57,Short Stature,4.56,1.65,1690,47,10,180,5.6,1
Tariq,152,89,T46,Ataxia,2.17,2.31,2314,33,10,116,5.6,4
Faisal,162,82,F44,Hypertonia,4.74,1.55,1296,47,8,96,6.5,4
Rami,184,48,T38,Athetosis,2.79,1.67,2838,52,4,126,8,3
Zayd,168,81,T52,Impaired Range of Motion,4.24,1.05,1413,89,10,128,6.2,2
Nabil,142,67,F55,Leg Length Difference,5.32,0.75,2794,72,8,146,5.1,2
Adel,165,77,T34,Visual Impairment,2.21,1.64,827,111,7,91,5.7,1
